✔ [3671/3770] Built Erdos625.GraphModel (14s)
✔ [3672/3781] Built Erdos625.Foundation (16s)
ℹ [3676/3781] Built Erdos625.QuarterRecurrence (14s)
info: Erdos625/QuarterRecurrence.lean:29:0: 'Erdos625.quarterRecurrence_lowerBound' depends on axioms: [propext, Classical.choice, Quot.sound]
ℹ [3677/3781] Built Erdos625.Section10AmplificationScales (16s)
info: Erdos625/Section10AmplificationScales.lean:265:0: 'Erdos625.amplificationRadius_tendsto_atTop' depends on axioms: [propext, Classical.choice, Quot.sound]
info: Erdos625/Section10AmplificationScales.lean:266:0: 'Erdos625.sqrt_seedTerm_isLittleO' depends on axioms: [propext, Classical.choice, Quot.sound]
info: Erdos625/Section10AmplificationScales.lean:267:0: 'Erdos625.sqrt_radiusTerm_isLittleO' depends on axioms: [propext, Classical.choice, Quot.sound]
info: Erdos625/Section10AmplificationScales.lean:268:0: 'Erdos625.realCubeRoot_isLittleO' depends on axioms: [propext, Classical.choice, Quot.sound]
info: Erdos625/Section10AmplificationScales.lean:269:0: 'Erdos625.one_isLittleO_gapScale' depends on axioms: [propext, Classical.choice, Quot.sound]
info: Erdos625/Section10AmplificationScales.lean:270:0: 'Erdos625.amplificationError_isLittleO_gapBase' depends on axioms: [propext, Classical.choice, Quot.sound]
ℹ [3678/3781] Built Erdos625.Section10QuarterUnionDecay (18s)
info: Erdos625/Section10QuarterUnionDecay.lean:123:0: 'Erdos625.quarterDensity_unionBound_tendsto_zero' depends on axioms: [propext, Classical.choice, Quot.sound]
ℹ [3680/3781] Built Erdos625.Section10BinomialEdgeCount (20s)
info: Erdos625/Section10BinomialEdgeCount.lean:99:0: 'Erdos625.binomialRandom_map_ncard_edgeSet_singleton' depends on axioms: [propext, Classical.choice, Quot.sound]
✔ [3681/3781] Built Erdos625.ProfileEntropyS4 (21s)
ℹ [3684/3781] Built Erdos625.Section10CapacityLeftoverQuantitative (10s)
info: Erdos625/Section10CapacityLeftoverQuantitative.lean:35:0: 'Erdos625.failure_probability_le_add_of_two_success_events' depends on axioms: [propext, Classical.choice, Quot.sound]
✔ [3685/3782] Built Erdos625.Target (13s)
✔ [3686/3782] Built Erdos625.Phase (12s)
ℹ [3690/3782] Built Erdos625.QuarterDensityDegree (31s)
info: Erdos625/QuarterDensityDegree.lean:185:0: 'Erdos625.exists_vertex_quarter_degree' depends on axioms: [propext, Classical.choice, Quot.sound]
info: Erdos625/QuarterDensityDegree.lean:186:0: 'Erdos625.quarterDense_all_larger_of_all_exact' depends on axioms: [propext, Classical.choice, Quot.sound]
ℹ [3691/3783] Built Erdos625.Section11ChromaticLowerTailBridge (10s)
info: Erdos625/Section11ChromaticLowerTailBridge.lean:41:0: 'Erdos625.strictLower_probability_tendsto_one_of_atMost_tendsto_zero' depends on axioms: [propext,
 Classical.choice,
 Quot.sound]
✔ [3692/3783] Built Erdos625.GeometricMomentTools (14s)
✔ [3693/3783] Built Erdos625.ProfileAsymptoticTools (14s)
ℹ [3695/3783] Built Erdos625.Section10QuarterChainSurvival (15s)
info: Erdos625/Section10QuarterChainSurvival.lean:87:8: Try this:
  [apply] ring_nf
  
  The `ring` tactic failed to close the goal. Use `ring_nf` to obtain a normal form.
    
  Note that `ring` works primarily in *commutative* rings. If you have a noncommutative ring, abelian group or module, consider using `noncomm_ring`, `abel` or `module` instead.
info: Erdos625/Section10QuarterChainSurvival.lean:96:0: 'Erdos625.quarterChain_shifted_survival_eventually' depends on axioms: [propext, Classical.choice, Quot.sound]
ℹ [3696/3783] Built Erdos625.Section10SimultaneousGreedyColoring (26s)
info: Erdos625/Section10SimultaneousGreedyColoring.lean:134:0: 'Erdos625.simultaneous_induced_chromatic_bound' depends on axioms: [propext, Classical.choice, Quot.sound]
✔ [3697/3783] Built Erdos625.ProfileOptimizerS4 (12s)
✔ [3699/3783] Built Erdos625.GaussianTailTools (13s)
✔ [3701/3784] Built Erdos625.Section11EventAssembly (12s)
ℹ [3702/3784] Built Erdos625.Section10ComplementInvariance (13s)
info: Erdos625/Section10ComplementInvariance.lean:39:0: 'Erdos625.randomGraphMeasure_map_compl' depends on axioms: [propext, Classical.choice, Quot.sound]
✔ [3703/3784] Built Erdos625.MuVertexScaling (9.6s)
ℹ [3704/3786] Built Erdos625.RandomGraphUniformLaw (14s)
info: Erdos625/RandomGraphUniformLaw.lean:79:0: 'Erdos625.randomGraphMeasure_eq_uniformOn_univ' depends on axioms: [propext, Classical.choice, Quot.sound]
✔ [3705/3786] Built Erdos625.IndependentSets (14s)
✔ [3706/3787] Built Erdos625.PhaseExpansion (11s)
ℹ [3709/3787] Built Erdos625.Section10NeighborhoodDeletionStep (13s)
info: Erdos625/Section10NeighborhoodDeletionStep.lean:68:0: 'Erdos625.quarterDense_neighbor_step' depends on axioms: [propext, Classical.choice, Quot.sound]
✔ [3710/3787] Built Erdos625.GeometricSecondMomentTools (13s)
ℹ [3711/3788] Built Erdos625.Section10QuarterChainSurvivalTransport (13s)
info: Erdos625/Section10QuarterChainSurvivalTransport.lean:60:0: 'Erdos625.quarterChain_shifted_survival_of_start_le_card' depends on axioms: [propext, Classical.choice, Quot.sound]
info: Erdos625/Section10QuarterChainSurvivalTransport.lean:61:0: 'Erdos625.quarterChain_shifted_survival_all_larger_eventually' depends on axioms: [propext,
 Classical.choice,
 Quot.sound]
ℹ [3712/3788] Built Erdos625.Section10QuarterChainParameters (12s)
info: Erdos625/Section10QuarterChainParameters.lean:89:0: 'Erdos625.quarterDensityCutoff_le_quarterChainStart_eventually' depends on axioms: [propext,
 Classical.choice,
 Quot.sound]
info: Erdos625/Section10QuarterChainParameters.lean:90:0: 'Erdos625.one_le_quarterDensityCutoff_eventually' depends on axioms: [propext, Classical.choice, Quot.sound]
info: Erdos625/Section10QuarterChainParameters.lean:91:0: 'Erdos625.quarterChainSteps_tendsto_atTop' depends on axioms: [propext, Classical.choice, Quot.sound]
info: Erdos625/Section10QuarterChainParameters.lean:92:0: 'Erdos625.one_le_quarterChainSteps_eventually' depends on axioms: [propext, Classical.choice, Quot.sound]
info: Erdos625/Section10QuarterChainParameters.lean:93:0: 'Erdos625.quarterChainSteps_real_lower_bound_eventually' depends on axioms: [propext, Classical.choice, Quot.sound]
✔ [3713/3788] Built Erdos625.TiltedGaussianSummability (13s)
✔ [3716/3788] Built Erdos625.GaussianMomentTailTools (13s)
✔ [3717/3788] Built Erdos625.ProfileValueStabilityS4 (13s)
ℹ [3719/3789] Built Erdos625.Section11ChromaticTailAdapter (13s)
info: Erdos625/Section11ChromaticTailAdapter.lean:38:0: 'Erdos625.chromaticLowerEvent_probability_tendsto_one_of_atMost_tendsto_zero' depends on axioms: [propext,
 Classical.choice,
 Quot.sound]
✔ [3720/3790] Built Erdos625.ColoringProfileFirstMoment (15s)
ℹ [3722/3790] Built Erdos625.Section11AsymptoticAssembly (15s)
info: Erdos625/Section11AsymptoticAssembly.lean:237:0: 'Erdos625.fixedThreshold_tail_of_movingThreshold' depends on axioms: [propext, Classical.choice, Quot.sound]
ℹ [3723/3790] Built Erdos625.PhaseEstimates (14s)
info: Erdos625/PhaseEstimates.lean:318:62: Try this:
  [apply] ring_nf
  
  The `ring` tactic failed to close the goal. Use `ring_nf` to obtain a normal form.
    
  Note that `ring` works primarily in *commutative* rings. If you have a noncommutative ring, abelian group or module, consider using `noncomm_ring`, `abel` or `module` instead.
✔ [3725/3790] Built Erdos625.ProbabilityTools (16s)
✔ [3726/3790] Built Erdos625.GaussianSecondMomentTailTools (15s)
ℹ [3728/3792] Built Erdos625.Section10QuarterDenseChain (16s)
info: Erdos625/Section10QuarterDenseChain.lean:111:0: 'Erdos625.exists_quarterDense_clique_chain' depends on axioms: [propext, Classical.choice, Quot.sound]
ℹ [3729/3792] Built Erdos625.Section10QuarterChainGreedyNumeric (16s)
info: Erdos625/Section10QuarterChainGreedyNumeric.lean:191:0: 'Erdos625.le_ceilDivNat_mul' depends on axioms: [propext, Classical.choice, Quot.sound]
info: Erdos625/Section10QuarterChainGreedyNumeric.lean:192:0: 'Erdos625.ceilDivNat_le_div_add_one' depends on axioms: [propext, Quot.sound]
info: Erdos625/Section10QuarterChainGreedyNumeric.lean:193:0: 'Erdos625.ceilDivNat_cast_le_div_add_one' depends on axioms: [propext, Classical.choice, Quot.sound]
info: Erdos625/Section10QuarterChainGreedyNumeric.lean:194:0: 'Erdos625.quarterChain_greedy_count_real_upper_bound_eventually' depends on axioms: [propext,
 Classical.choice,
 Quot.sound]
info: Erdos625/Section10QuarterChainGreedyNumeric.lean:195:0: 'Erdos625.log_le_realCubeRoot_eventually' depends on axioms: [propext, Classical.choice, Quot.sound]
info: Erdos625/Section10QuarterChainGreedyNumeric.lean:196:0: 'Erdos625.quarterChainGreedyColorCost_eventually_le_linear_log_plus_cubeRoot' depends on axioms: [propext,
 Classical.choice,
 Quot.sound]
✔ [3730/3792] Built Erdos625.ExtendedGaussianProfile (15s)
✔ [3731/3792] Built Erdos625.ProfileValueMonotonicityS4 (13s)
✔ [3732/3792] Built Erdos625.ProfileValueUniformS4 (13s)
✔ [3733/3792] Built Erdos625.ColoringProfileAggregation (13s)
✔ [3734/3792] Built Erdos625.ColoringProfileEnumeration (14s)
✔ [3735/3793] Built Erdos625.ColoringProfileFactorialBounds (13s)
ℹ [3737/3793] Built Erdos625.Section11ThresholdFinalAssembly (14s)
info: Erdos625/Section11ThresholdFinalAssembly.lean:54:0: 'Erdos625.erdos625Statement_of_chromatic_cochromatic_thresholds' depends on axioms: [propext,
 Classical.choice,
 Quot.sound]
✔ [3738/3793] Built Erdos625.PhaseAsymptotic (15s)
✔ [3739/3793] Built Erdos625.BlockBoundedDifferences (15s)
✔ [3740/3796] Built Erdos625.BoundedDifferences (16s)
ℹ [3743/3797] Built Erdos625.Section10CoColorablePaleyZygmundSeed (16s)
info: Erdos625/Section10CoColorablePaleyZygmundSeed.lean:48:0: 'Erdos625.coColorable_real_seed_of_count' depends on axioms: [propext, Classical.choice, Quot.sound]
✔ [3744/3797] Built Erdos625.Section10InducedRestriction (18s)
ℹ [3745/3798] Built Erdos625.Section10QuarterChainAdapters (15s)
info: Erdos625/Section10QuarterChainAdapters.lean:26:0: 'Erdos625.isIndepSet_of_compl_isClique' depends on axioms: [propext, Quot.sound]
✔ [3747/3798] Built Erdos625.ColoringProfileCountPositivity (15s)
✔ [3749/3798] Built Erdos625.ProfileOptimizerContinuityS4 (15s)
✔ [3752/3809] Built Erdos625.ColoringProfileAggregationBounds (14s)
✔ [3944/4007] Built Erdos625.ColoringProfileEnumerationInverse (14s)
✔ [4769/4827] Built Erdos625.VertexBlockGraph (15s)
✔ [4813/4881] Built Erdos625.RareSeedInversion (15s)
✔ [5337/5412] Built Erdos625.PhaseConsequences (19s)
ℹ [5338/5412] Built Erdos625.Section10SeedLogAdapter (15s)
info: Erdos625/Section10SeedLogAdapter.lean:28:0: 'Erdos625.eventually_exp_neg_le_of_eventually_neg_le_log' depends on axioms: [propext, Classical.choice, Quot.sound]
✔ [6693/6795] Built Erdos625.ProfileOptimizerUniformS4 (14s)
✔ [7348/7457] Built Erdos625.Section10QuarterDensityEvent (15s)
✔ [8619/9038] Built Erdos625.ColoringProfileEnumerationInjective (13s)
✔ [8620/9038] Built Erdos625.VertexBlockExpectation (12s)
ℹ [8621/9038] Built Erdos625.Section10QuarterDensityLimit (17s)
info: Erdos625/Section10QuarterDensityLimit.lean:121:0: 'Erdos625.quarterDensity_choose_two_div_sixteen_lower_bound' depends on axioms: [propext, Classical.choice, Quot.sound]
info: Erdos625/Section10QuarterDensityLimit.lean:122:0: 'Erdos625.quarterDensityCutoff_tendsto_atTop' depends on axioms: [propext, Classical.choice, Quot.sound]
info: Erdos625/Section10QuarterDensityLimit.lean:123:0: 'Erdos625.quarterDensity_eventually_exponent_bound' depends on axioms: [propext, Classical.choice, Quot.sound]
info: Erdos625/Section10QuarterDensityLimit.lean:124:0: 'Erdos625.cutoffComplementQuarterDensityEvent_failure_real_tendsto_zero' depends on axioms: [propext,
 Classical.choice,
 Quot.sound]
info: Erdos625/Section10QuarterDensityLimit.lean:125:0: 'Erdos625.cutoffComplementQuarterDensityEvent_probability_tendsto_one' depends on axioms: [propext,
 Classical.choice,
 Quot.sound]
ℹ [8622/9038] Built Erdos625.Section10QuarterDensityLift (19s)
info: Erdos625/Section10QuarterDensityLift.lean:75:0: 'Erdos625.cutoffComplementQuarterDensityEvent_quarterDense_exact' depends on axioms: [propext,
 Classical.choice,
 Quot.sound]
info: Erdos625/Section10QuarterDensityLift.lean:76:0: 'Erdos625.cutoffComplementQuarterDensityEvent_quarterDense_all_larger' depends on axioms: [propext,
 Classical.choice,
 Quot.sound]
✔ [8623/9038] Built Erdos625.QuadraticSlopeAssemblyArithmetic (19s)
✔ [8624/9038] Built Erdos625.ExtendedGaussianCalculus (19s)
✔ [8625/9038] Built Erdos625.PhaseFactorialErrorQuadratic (20s)
✔ [8626/9038] Built Erdos625.ExtendedGaussianEndpoints (20s)
✔ [8627/9038] Built Erdos625.SignedProfileWitness (20s)
✔ [8628/9038] Built Erdos625.PartialDiagonalWeights (16s)
✔ [8629/9038] Built Erdos625.OrderedOverlapLaw (14s)
✔ [8630/9038] Built Erdos625.InverseConvergenceTools (13s)
✔ [8631/9038] Built Erdos625.UniformSeriesConvergenceTools (17s)
✔ [8632/9038] Built Erdos625.ColoringProfileExtraction (16s)
✔ [8633/9038] Built Erdos625.FinpartitionRefinement (16s)
✔ [8634/9038] Built Erdos625.VarianceStabilityTools (17s)
✔ [8635/9038] Built Erdos625.ProfileOverlapDuplicateEdges (17s)
✔ [8636/9038] Built Erdos625.RandomGraphMixedEdgePrescription (18s)
✔ [8637/9038] Built Erdos625.OverlapContingencyTools (15s)
✔ [8638/9038] Built Erdos625.MatchingExtensionTools (15s)
✔ [8639/9038] Built Erdos625.FallingFactorialBounds (16s)
✔ [8640/9038] Built Erdos625.UniformEquivTransport (16s)
✔ [8641/9038] Built Erdos625.HighCellMass (16s)
✔ [8642/9038] Built Erdos625.ResidualSupportMass (15s)
✔ [8643/9038] Built Erdos625.EvenMatchingKernel (15s)
✔ [8644/9038] Built Erdos625.StubAllocationTools (24s)
ℹ [8645/9038] Built Erdos625.Section9CycleRankResidual (16s)
info: Erdos625/Section9CycleRankResidual.lean:292:0: 'Erdos625.cycleRank_matching_union_le_card_residual' depends on axioms: [propext, Classical.choice, Quot.sound]
✔ [8646/9038] Built Erdos625.LocalSignReward (14s)
✔ [8647/9038] Built Erdos625.Section9TraversalKernel (15s)
ℹ [8648/9038] Built Erdos625.UniformSigmaTransport (16s)
info: Erdos625/UniformSigmaTransport.lean:62:0: 'Erdos625.uniformOfFintype_sigma_map_fst_apply' depends on axioms: [propext, Classical.choice, Quot.sound]
ℹ [8649/9038] Built Erdos625.Section9FiniteFamilyAlgebra (15s)
info: Erdos625/Section9FiniteFamilyAlgebra.lean:55:0: 'Erdos625.finiteInjectiveFamily_product_exp_bound' depends on axioms: [propext, Classical.choice, Quot.sound]
ℹ [8650/9038] Built Erdos625.Section9QDegreeBound (19s)
info: Erdos625/Section9QDegreeBound.lean:116:0: 'Erdos625.q_row_column_le_of_pointwise_degree_square' depends on axioms: [propext, Classical.choice, Quot.sound]
ℹ [8651/9038] Built Erdos625.Section9CyclePolymerBound (38s)
info: Erdos625/Section9CyclePolymerBound.lean:240:0: 'Erdos625.weighted_evenSubgraph_polymer_bound' depends on axioms: [propext, Classical.choice, Quot.sound]
ℹ [8652/9038] Built Erdos625.Section9FiniteAnalyticEndpoint (29s)
info: Erdos625/Section9FiniteAnalyticEndpoint.lean:96:206: Try this:
  [apply] ring_nf
  
  The `ring` tactic failed to close the goal. Use `ring_nf` to obtain a normal form.
    
  Note that `ring` works primarily in *commutative* rings. If you have a noncommutative ring, abelian group or module, consider using `noncomm_ring`, `abel` or `module` instead.
info: Erdos625/Section9FiniteAnalyticEndpoint.lean:98:4: Try this:
  [apply] ring_nf
  
  The `ring` tactic failed to close the goal. Use `ring_nf` to obtain a normal form.
    
  Note that `ring` works primarily in *commutative* rings. If you have a noncommutative ring, abelian group or module, consider using `noncomm_ring`, `abel` or `module` instead.
info: Erdos625/Section9FiniteAnalyticEndpoint.lean:105:146: Try this:
  [apply] ring_nf
  
  The `ring` tactic failed to close the goal. Use `ring_nf` to obtain a normal form.
    
  Note that `ring` works primarily in *commutative* rings. If you have a noncommutative ring, abelian group or module, consider using `noncomm_ring`, `abel` or `module` instead.
info: Erdos625/Section9FiniteAnalyticEndpoint.lean:105:146: Try this:
  [apply] ring_nf
  
  The `ring` tactic failed to close the goal. Use `ring_nf` to obtain a normal form.
    
  Note that `ring` works primarily in *commutative* rings. If you have a noncommutative ring, abelian group or module, consider using `noncomm_ring`, `abel` or `module` instead.
info: Erdos625/Section9FiniteAnalyticEndpoint.lean:227:51: Try this:
  [apply] ring_nf
  
  The `ring` tactic failed to close the goal. Use `ring_nf` to obtain a normal form.
    
  Note that `ring` works primarily in *commutative* rings. If you have a noncommutative ring, abelian group or module, consider using `noncomm_ring`, `abel` or `module` instead.
info: Erdos625/Section9FiniteAnalyticEndpoint.lean:228:54: Try this:
  [apply] ring_nf
  
  The `ring` tactic failed to close the goal. Use `ring_nf` to obtain a normal form.
    
  Note that `ring` works primarily in *commutative* rings. If you have a noncommutative ring, abelian group or module, consider using `noncomm_ring`, `abel` or `module` instead.
info: Erdos625/Section9FiniteAnalyticEndpoint.lean:267:151: Try this:
  [apply] ring_nf
  
  The `ring` tactic failed to close the goal. Use `ring_nf` to obtain a normal form.
    
  Note that `ring` works primarily in *commutative* rings. If you have a noncommutative ring, abelian group or module, consider using `noncomm_ring`, `abel` or `module` instead.
info: Erdos625/Section9FiniteAnalyticEndpoint.lean:416:0: 'Erdos625.existsAbsoluteFiniteEndpointConstant' depends on axioms: [propext, Classical.choice, Quot.sound]
✔ [8653/9038] Built Erdos625.Section9PhaseTwoPowerCorridor (18s)
✔ [8654/9038] Built Erdos625.WeightedCauchyTools (17s)
ℹ [8656/9038] Built Erdos625.Section8NearSkeletonExpansion (17s)
info: Erdos625/Section8NearSkeletonExpansion.lean:108:0: 'Erdos625.sum_nearSkeletonChoiceWeight_eq_product' depends on axioms: [propext, Classical.choice, Quot.sound]
✔ [8657/9038] Built Erdos625.Section8NearArithmeticFoundation (15s)
✔ [8658/9038] Built Erdos625.EndpointTransportBounds (15s)
ℹ [8659/9038] Built Erdos625.Section9AttachmentAsymptotics (23s)
info: Erdos625/Section9AttachmentAsymptotics.lean:179:0: 'Erdos625.eventually_tau_lt_one_third' depends on axioms: [propext, Classical.choice, Quot.sound]
info: Erdos625/Section9AttachmentAsymptotics.lean:180:0: 'Erdos625.exists_uniform_twoRegime_error' depends on axioms: [propext, Classical.choice, Quot.sound]
✔ [8660/9038] Built Erdos625.Section8RowAssignmentExpansion (13s)
✔ [8661/9038] Built Erdos625.ExpTailTransport (12s)
✔ [8662/9038] Built Erdos625.ColoringProfileLogWeight (16s)
✔ [8663/9038] Built Erdos625.PartialDiagonalMuRatioBound (18s)
✔ [8664/9038] Built Erdos625.InducedCochromaticCapacity (16s)
✔ [8665/9038] Built Erdos625.MeanInversionTools (16s)
✔ [8666/9038] Built Erdos625.PartialDiagonalRateBound (21s)
ℹ [8667/9038] Built Erdos625.Section10UniformQuarterDensityEvent (17s)
info: Erdos625/Section10UniformQuarterDensityEvent.lean:58:0: 'Erdos625.cutoffComplementQuarterDensityEvent_subset_allLargerQuarterDenseEvent' depends on axioms: [propext,
 Classical.choice,
 Quot.sound]
info: Erdos625/Section10UniformQuarterDensityEvent.lean:59:0: 'Erdos625.cutoffComplementAllLargerQuarterDenseEvent_probability_tendsto_one' depends on axioms: [propext,
 Classical.choice,
 Quot.sound]
✔ [8668/9038] Built Erdos625.FullCornerWeights (12s)
ℹ [8669/9038] Built Erdos625.Section6SignedSecondMomentFubini (16s)
info: Erdos625/Section6SignedSecondMomentFubini.lean:168:0: 'Erdos625.sum_finiteSetIndicator_mul_measure_eq_measure_inter' depends on axioms: [propext,
 Classical.choice,
 Quot.sound]
info: Erdos625/Section6SignedSecondMomentFubini.lean:169:0: 'Erdos625.sum_signedProfileWitnessPairIndicator_measure' depends on axioms: [propext, Classical.choice, Quot.sound]
info: Erdos625/Section6SignedSecondMomentFubini.lean:170:0: 'Erdos625.signedProfileCount_sq_eq_sum_pair_indicator' depends on axioms: [propext, Classical.choice, Quot.sound]
info: Erdos625/Section6SignedSecondMomentFubini.lean:171:0: 'Erdos625.signedProfileSecondMoment_eq_sum_pairEvent' depends on axioms: [propext, Classical.choice, Quot.sound]
ℹ [8670/9038] Built Erdos625.ProfileOverlapTables (16s)
info: Erdos625/ProfileOverlapTables.lean:251:0: 'Erdos625.fixedFiberLabelingOverlapTableEquiv' depends on axioms: [propext, Classical.choice, Quot.sound]
info: Erdos625/ProfileOverlapTables.lean:252:0: 'Erdos625.fixedMarginOverlapEvent_exhaustion' depends on axioms: [propext, Classical.choice, Quot.sound]
info: Erdos625/ProfileOverlapTables.lean:253:0: 'Erdos625.card_fixedFiberLabeling_eq_sum_card_fixedMarginOverlapEvent' depends on axioms: [propext,
 Classical.choice,
 Quot.sound]
info: Erdos625/ProfileOverlapTables.lean:254:0: 'Erdos625.boundedFixedMarginTable_probability_eq' depends on axioms: [propext, Classical.choice, Quot.sound]
✔ [8671/9038] Built Erdos625.ColoringPartitionBridge (16s)
✔ [8672/9038] Built Erdos625.PartialDiagonalDecayReindexing (19s)
ℹ [8673/9038] Built Erdos625.UniformProductTransport (17s)
info: Erdos625/UniformProductTransport.lean:42:0: 'Erdos625.uniformOfFintype_prod_map_snd' depends on axioms: [propext, Classical.choice, Quot.sound]
✔ [8674/9038] Built Erdos625.UniformConditionalLaw (17s)
✔ [8675/9038] Built Erdos625.OrderedSignedProfileBridge (20s)
✔ [8676/9038] Built Erdos625.BipartiteEdgeMatrix (15s)
✔ [8677/9038] Built Erdos625.EvenMatchingRestriction (14s)
✔ [8678/9038] Built Erdos625.PrescribedDemandTools (17s)
ℹ [8679/9038] Built Erdos625.Section9RewardTelescoping (16s)
info: Erdos625/Section9RewardTelescoping.lean:87:0: 'Erdos625.cappedReward_telescoping' depends on axioms: [propext, Classical.choice, Quot.sound]
ℹ [8680/9038] Built Erdos625.Section9EndpointKernel (16s)
info: Erdos625/Section9EndpointKernel.lean:72:0: 'Erdos625.finitePositiveWalkKernel_rowSum_le_geometric' depends on axioms: [propext, Classical.choice, Quot.sound]
ℹ [8681/9038] Built Erdos625.Section9CycleSpaceCardinality (19s)
info: Erdos625/Section9CycleSpaceCardinality.lean:403:0: 'Erdos625.natCard_graphCycleSpace_eq_two_pow_cycleRank' depends on axioms: [propext, Classical.choice, Quot.sound]
info: Erdos625/Section9CycleSpaceCardinality.lean:404:0: 'Erdos625.natCard_evenEdgeSubset_eq_two_pow_cycleRank' depends on axioms: [propext, Classical.choice, Quot.sound]
ℹ [8682/9038] Built Erdos625.Section9MatchingTraversalBridge (18s)
info: Erdos625/Section9MatchingTraversalBridge.lean:208:0: 'Erdos625.finite_relaxed_matchingTraversal_enumeration' depends on axioms: [propext, Classical.choice, Quot.sound]
ℹ [8683/9038] Built Erdos625.Section8AllHighDeficitProductBound (16s)
info: Erdos625/Section8AllHighDeficitProductBound.lean:88:0: 'Erdos625.ennreal_pow_le_self_of_le_one' depends on axioms: [propext, Classical.choice, Quot.sound]
info: Erdos625/Section8AllHighDeficitProductBound.lean:89:0: 'Erdos625.sum_nearSkeletonChoiceWeight_le_uniform_card_mul' depends on axioms: [propext, Classical.choice, Quot.sound]
info: Erdos625/Section8AllHighDeficitProductBound.lean:90:0: 'Erdos625.sum_nearSkeletonChoiceWeight_le_uniform_pow' depends on axioms: [propext, Classical.choice, Quot.sound]
ℹ [8684/9038] Built Erdos625.Section8NearSkeletonUniformProductBound (12s)
info: Erdos625/Section8NearSkeletonUniformProductBound.lean:45:0: 'Erdos625.sum_nearSkeletonChoiceWeight_le_one_add_pow' depends on axioms: [propext, Classical.choice, Quot.sound]
ℹ [8685/9038] Built Erdos625.Section9SmallResidualDeterministic (30s)
info: Erdos625/Section9SmallResidualDeterministic.lean:94:0: 'Erdos625.smallResidualDeterministicBound' depends on axioms: [propext, Classical.choice, Quot.sound]
✔ [8686/9038] Built Erdos625.Section9MinimalEvenCycleTour (35s)
ℹ [8687/9038] Built Erdos625.Section8NearCellChoiceLink (24s)
info: Erdos625/Section8NearCellChoiceLink.lean:155:0: 'Erdos625.nearCellChoiceExpansion_and_succ_cross_mul' depends on axioms: [propext, Classical.choice, Quot.sound]
ℹ [8688/9038] Built Erdos625.Section9ChooseTwoMass (27s)
info: Erdos625/Section9ChooseTwoMass.lean:41:0: 'Erdos625.twice_sum_choose_two_le_cap_mass' depends on axioms: [propext, Classical.choice, Quot.sound]
ℹ [8689/9038] Built Erdos625.Section9ResidualAsymptoticArithmetic (31s)
info: Erdos625/Section9ResidualAsymptoticArithmetic.lean:177:0: 'Erdos625.smallResidualExponent_bound' depends on axioms: [propext, Classical.choice, Quot.sound]
info: Erdos625/Section9ResidualAsymptoticArithmetic.lean:178:0: 'Erdos625.ennreal_two_pow_nat_le_of_log_bound' depends on axioms: [propext, Classical.choice, Quot.sound]
info: Erdos625/Section9ResidualAsymptoticArithmetic.lean:179:0: 'Erdos625.largeResidualEnvelope_bound' depends on axioms: [propext, Classical.choice, Quot.sound]
ℹ [8690/9038] Built Erdos625.Section8CanonicalSkeleton (33s)
info: Erdos625/Section8CanonicalSkeleton.lean:137:0: 'Erdos625.canonicalHighDemand_eq_iff_exact_support_and_capped_off' depends on axioms: [propext,
 Classical.choice,
 Quot.sound]
info: Erdos625/Section8CanonicalSkeleton.lean:174:0: 'Erdos625.compatiblePairing_unique' depends on axioms: [propext, Quot.sound]
info: Erdos625/Section8CanonicalSkeleton.lean:175:0: 'Erdos625.selectedFiber_eq_fullFiber_of_zero_residual' depends on axioms: [propext, Quot.sound]
info: Erdos625/Section8CanonicalSkeleton.lean:176:0: 'Erdos625.canonicalHighDemand_partialMatching_and_incidence' depends on axioms: [propext, Classical.choice, Quot.sound]
info: Erdos625/Section8CanonicalSkeleton.lean:177:0: 'Erdos625.supportIndexed_fullConstraints_iff_residual' depends on axioms: [propext, Classical.choice, Quot.sound]
✔ [8691/9038] Built Erdos625.RootSeparationRoundingBudget (29s)
✔ [8692/9038] Built Erdos625.RootSeparationRounding (28s)
✔ [8693/9038] Built Erdos625.RootSeparationSlope (28s)
✔ [8694/9038] Built Erdos625.ColoringProfileLogBounds (16s)
ℹ [8695/9038] Built Erdos625.Section8AllHighDeficitArithmetic (18s)
info: Erdos625/Section8AllHighDeficitArithmetic.lean:107:0: 'Erdos625.highMultiplicity_above_half_size' depends on axioms: [propext]
info: Erdos625/Section8AllHighDeficitArithmetic.lean:108:0: 'Erdos625.highMultiplicity_deficit_twice_lt' depends on axioms: [propext, Quot.sound]
info: Erdos625/Section8AllHighDeficitArithmetic.lean:109:0: 'Erdos625.endpointDeficit_le_allHighDeficitCut' depends on axioms: [propext, Quot.sound]
info: Erdos625/Section8AllHighDeficitArithmetic.lean:110:0: 'Erdos625.allHighDeficit_reconstructs_highMultiplicity' depends on axioms: [propext, Quot.sound]
info: Erdos625/Section8AllHighDeficitArithmetic.lean:111:0: 'Erdos625.endpointDeficit_reconstruction' depends on axioms: [propext, Quot.sound]
info: Erdos625/Section8AllHighDeficitArithmetic.lean:112:0: 'Erdos625.endpointDeficit_injective' depends on axioms: [propext, Quot.sound]
info: Erdos625/Section8AllHighDeficitArithmetic.lean:113:0: 'Erdos625.highDeficit_twoThird_exponent_budget' depends on axioms: [propext, Classical.choice, Quot.sound]
✔ [8696/9038] Built Erdos625.TangentRoundingCore (30s)
ℹ [8697/9038] Built Erdos625.Section9PhaseENNRealTauCorridor (20s)
info: Erdos625/Section9PhaseENNRealTauCorridor.lean:45:0: 'Erdos625.eventually_phaseControlled_ennreal_tau_lt_one_third' depends on axioms: [propext,
 Classical.choice,
 Quot.sound]
✔ [8698/9038] Built Erdos625.ProfileCorridorTools (31s)
✔ [8699/9038] Built Erdos625.CochromaticSeedGap (16s)
✔ [8700/9038] Built Erdos625.CochromaticAmplification (16s)
✔ [8701/9038] Built Erdos625.SeriesConvergenceTools (29s)
✔ [8702/9038] Built Erdos625.ExtendedGaussianTilt (15s)
ℹ [8703/9038] Built Erdos625.Section10QuarterChainIndependentBlock (17s)
info: Erdos625/Section10QuarterChainIndependentBlock.lean:108:0: 'Erdos625.cutoffComplementAllLargerQuarterDenseEvent_subset_independentBlockEvent' depends on axioms: [propext,
 Classical.choice,
 Quot.sound]
info: Erdos625/Section10QuarterChainIndependentBlock.lean:109:0: 'Erdos625.cutoffComplementAllLargerQuarterDenseEvent_subset_independentBlockEvent_eventually' depends on axioms: [propext,
 Classical.choice,
 Quot.sound]
info: Erdos625/Section10QuarterChainIndependentBlock.lean:110:0: 'Erdos625.quarterChainIndependentBlockEvent_probability_tendsto_one' depends on axioms: [propext,
 Classical.choice,
 Quot.sound]
info: Erdos625/Section10QuarterChainIndependentBlock.lean:111:0: 'Erdos625.chromaticNumberNat_induce_le_of_independentBlockEvent' depends on axioms: [propext,
 Classical.choice,
 Quot.sound]
✔ [8704/9038] Built Erdos625.FullCornerLocalRatioBound (16s)
✔ [8705/9038] Built Erdos625.ColoringProfileChromaticBridge (15s)
✔ [8706/9038] Built Erdos625.FullCornerSumReindexing (16s)
ℹ [8707/9038] Built Erdos625.PartialDiagonalMidpointActivityBridge (17s)
info: Erdos625/PartialDiagonalMidpointActivityBridge.lean:129:0: 'Erdos625.mu_le_of_le_vertex_count' depends on axioms: [propext, Classical.choice, Quot.sound]
info: Erdos625/PartialDiagonalMidpointActivityBridge.lean:130:0: 'Erdos625.partialDiagonalWeight_increment_le_of_mu_cutoff_activity' depends on axioms: [propext,
 Classical.choice,
 Quot.sound]
info: Erdos625/PartialDiagonalMidpointActivityBridge.lean:131:0: 'Erdos625.sum_partialDiagonalWeight_le_exp_sum_muCutoffActivity' depends on axioms: [propext,
 Classical.choice,
 Quot.sound]
ℹ [8708/9038] Built Erdos625.OrderedSignedProfileSemantics (19s)
info: Erdos625/OrderedSignedProfileSemantics.lean:737:0: 'Erdos625.labeledProfilePartitionToOrdered' depends on axioms: [propext, Classical.choice, Quot.sound]
info: Erdos625/OrderedSignedProfileSemantics.lean:738:0: 'Erdos625.orderedSlotEquivKernelParts' depends on axioms: [propext, Classical.choice, Quot.sound]
info: Erdos625/OrderedSignedProfileSemantics.lean:739:0: 'Erdos625.orderedSlotKernelPartition_labeledProfilePartitionToOrdered' depends on axioms: [propext,
 Classical.choice,
 Quot.sound]
info: Erdos625/OrderedSignedProfileSemantics.lean:740:0: 'Erdos625.labeledProfilePartitionToOrdered_injective' depends on axioms: [propext, Classical.choice, Quot.sound]
info: Erdos625/OrderedSignedProfileSemantics.lean:741:0: 'Erdos625.labeledProfilePartitionEquivOrderedSemantic' depends on axioms: [propext, Classical.choice, Quot.sound]
info: Erdos625/OrderedSignedProfileSemantics.lean:742:0: 'Erdos625.profileSignValid_iff_orderedSlotSignValid_labeled' depends on axioms: [propext, Classical.choice, Quot.sound]
info: Erdos625/OrderedSignedProfileSemantics.lean:743:0: 'Erdos625.profileSignValid_iff_orderedSlotSignValid_kernel' depends on axioms: [propext, Classical.choice, Quot.sound]
info: Erdos625/OrderedSignedProfileSemantics.lean:744:0: 'Erdos625.orderedOverlapCount_eq_profileOverlapCellCount' depends on axioms: [propext, Classical.choice, Quot.sound]
✔ [8709/9038] Built Erdos625.OrderedProfileRealization (18s)
ℹ [8710/9038] Built Erdos625.ProfileOverlapCanonicalTable (17s)
info: Erdos625/ProfileOverlapCanonicalTable.lean:209:0: 'Erdos625.card_profileBlockIndex' depends on axioms: [propext, Classical.choice, Quot.sound]
info: Erdos625/ProfileOverlapCanonicalTable.lean:210:0: 'Erdos625.profileOverlapTableEquivBounded' depends on axioms: [propext, Classical.choice, Quot.sound]
info: Erdos625/ProfileOverlapCanonicalTable.lean:211:0: 'Erdos625.profileOverlapTableOfOrderedPair_tableNat' depends on axioms: [propext, Classical.choice, Quot.sound]
info: Erdos625/ProfileOverlapCanonicalTable.lean:212:0: 'Erdos625.profileOverlapTable_realizable_iff' depends on axioms: [propext, Classical.choice, Quot.sound]
ℹ [8711/9038] Built Erdos625.Section9ExplicitPathTerms (17s)
info: Erdos625/Section9ExplicitPathTerms.lean:109:0: 'Erdos625.explicit_terms_le_kernel_masses' depends on axioms: [propext, Classical.choice, Quot.sound]
ℹ [8712/9038] Built Erdos625.Section6CompatibleSignsComponents (16s)
info: Erdos625/Section6CompatibleSignsComponents.lean:65:0: 'Erdos625.compatibleBoolSignAssignmentsEquivComponents' depends on axioms: [propext, Classical.choice, Quot.sound]
info: Erdos625/Section6CompatibleSignsComponents.lean:66:0: 'Erdos625.natCard_compatibleBoolSignAssignments_eq_two_pow_components' depends on axioms: [propext,
 Classical.choice,
 Quot.sound]
ℹ [8713/9038] Built Erdos625.Section8SharpDeficitProduct (16s)
info: Erdos625/Section8SharpDeficitProduct.lean:115:0: 'Erdos625.sum_nearSkeletonChoiceWeight_le_product_of_local_sums' depends on axioms: [propext,
 Classical.choice,
 Quot.sound]
info: Erdos625/Section8SharpDeficitProduct.lean:116:0: 'Erdos625.sum_nearSkeletonChoiceWeight_le_uniform_local_sum' depends on axioms: [propext, Classical.choice, Quot.sound]
info: Erdos625/Section8SharpDeficitProduct.lean:117:0: 'Erdos625.sum_nearSkeletonChoiceWeight_le_cellwise_two_rho' depends on axioms: [propext, Classical.choice, Quot.sound]
info: Erdos625/Section8SharpDeficitProduct.lean:118:0: 'Erdos625.sum_nearSkeletonChoiceWeight_le_uniform_two_rho' depends on axioms: [propext, Classical.choice, Quot.sound]
info: Erdos625/Section8SharpDeficitProduct.lean:119:0: 'Erdos625.two_mul_ennreal_le_natCast_mul' depends on axioms: [propext, Classical.choice, Quot.sound]
✔ [8714/9038] Built Erdos625.ConfigurationModelPrescribedCells (21s)
ℹ [8715/9038] Built Erdos625.Section8NearSkeletonExponentialBound (16s)
info: Erdos625/Section8NearSkeletonExponentialBound.lean:44:0: 'Erdos625.sum_nearSkeletonChoiceWeight_le_exp_of_card' depends on axioms: [propext, Classical.choice, Quot.sound]
✔ [8716/9038] Built Erdos625.ColoringProfileFirstMomentBound (15s)
ℹ [8717/9038] Built Erdos625.ColoringProfileDiscreteObjective (16s)
info: Erdos625/ColoringProfileDiscreteObjective.lean:75:2: Try this:
  [apply] ring_nf
  
  The `ring` tactic failed to close the goal. Use `ring_nf` to obtain a normal form.
    
  Note that `ring` works primarily in *commutative* rings. If you have a noncommutative ring, abelian group or module, consider using `noncomm_ring`, `abel` or `module` instead.
ℹ [8718/9038] Built Erdos625.Section8AllHighDeficitCellWeight (16s)
info: Erdos625/Section8AllHighDeficitCellWeight.lean:128:0: 'Erdos625.allHighCellChoiceExpansion' depends on axioms: [propext, Classical.choice, Quot.sound]
info: Erdos625/Section8AllHighDeficitCellWeight.lean:129:0: 'Erdos625.nearCellTerm_le_allHighCellBase_pow' depends on axioms: [propext, Classical.choice, Quot.sound]
info: Erdos625/Section8AllHighDeficitCellWeight.lean:130:0: 'Erdos625.nearCellTerm_le_allHighCellBase_pow_of_mem' depends on axioms: [propext, Classical.choice, Quot.sound]
ℹ [8719/9038] Built Erdos625.Section8ThreeQuarterDeficitArithmetic (18s)
info: Erdos625/Section8ThreeQuarterDeficitArithmetic.lean:73:0: 'Erdos625.highDeficit_threeQuarter_exponent_budget' depends on axioms: [propext, Classical.choice, Quot.sound]
✔ [8720/9038] Built Erdos625.RootSeparationRoundingNatAdapter (31s)
✔ [8721/9038] Built Erdos625.CochromaticCapacityLowerTail (16s)
ℹ [8722/9038] Built Erdos625.Section10QuarterChainFailure (19s)
info: Erdos625/Section10QuarterChainFailure.lean:72:0: 'Erdos625.measurableSet_quarterChainIndependentBlockEvent' depends on axioms: [propext, Classical.choice, Quot.sound]
info: Erdos625/Section10QuarterChainFailure.lean:73:0: 'Erdos625.quarterChainIndependentBlockFailure_nonneg' depends on axioms: [propext, Classical.choice, Quot.sound]
info: Erdos625/Section10QuarterChainFailure.lean:74:0: 'Erdos625.quarterChainIndependentBlockFailure_tendsto_zero' depends on axioms: [propext, Classical.choice, Quot.sound]
✔ [8723/9038] Built Erdos625.FullCornerFilteredReindexing (18s)
✔ [8724/9038] Built Erdos625.FullCornerMuCapBridge (17s)
✔ [8725/9038] Built Erdos625.TangentCorrectedCountNonnegativity (34s)
✔ [8726/9038] Built Erdos625.TangentNatConservationDisplacement (38s)
ℹ [8727/9038] Built Erdos625.SignedProfileSemanticLift (19s)
info: Erdos625/SignedProfileSemanticLift.lean:151:0: 'Erdos625.labeledSignedProfileDataEquivOrderedSlots' depends on axioms: [propext, Classical.choice, Quot.sound]
info: Erdos625/SignedProfileSemanticLift.lean:152:0: 'Erdos625.labeledSignedProfileData_valid_iff' depends on axioms: [propext, Classical.choice, Quot.sound]
info: Erdos625/SignedProfileSemanticLift.lean:153:0: 'Erdos625.validLabeledSignedProfileDataEquivOrderedSlots' depends on axioms: [propext, Classical.choice, Quot.sound]
info: Erdos625/SignedProfileSemanticLift.lean:154:0: 'Erdos625.sum_labeledSignedProfileData_eq_sum_orderedSlots' depends on axioms: [propext, Classical.choice, Quot.sound]
info: Erdos625/SignedProfileSemanticLift.lean:155:0: 'Erdos625.sum_validLabeledSignedProfileData_eq_sum_validOrderedSlots' depends on axioms: [propext,
 Classical.choice,
 Quot.sound]
✔ [8728/9038] Built Erdos625.TangentFloorErrorIntervals (37s)
✔ [8729/9038] Built Erdos625.ProfileBlockCardinalityBound (18s)
ℹ [8730/9038] Built Erdos625.ProfileOverlapFibrationRegrouping (16s)
info: Erdos625/ProfileOverlapFibrationRegrouping.lean:120:0: 'Erdos625.sum_weight_boundedTableOfFixedFiberLabeling_eq_sum_card_nsmul' depends on axioms: [propext,
 Classical.choice,
 Quot.sound]
info: Erdos625/ProfileOverlapFibrationRegrouping.lean:121:0: 'Erdos625.sum_weight_boundedTableOfFixedFiberLabeling_eq_sum_card_mul' depends on axioms: [propext,
 Classical.choice,
 Quot.sound]
info: Erdos625/ProfileOverlapFibrationRegrouping.lean:122:0: 'Erdos625.sum_weight_profileOverlapTableOfOrderedPair_eq_sum_card_nsmul' depends on axioms: [propext,
 Classical.choice,
 Quot.sound]
ℹ [8731/9038] Built Erdos625.Section6SignedExpectationDenominator (16s)
info: Erdos625/Section6SignedExpectationDenominator.lean:239:0: 'Erdos625.profilePartition_nonempty_of_orderedProfilePartition' depends on axioms: [propext,
 Classical.choice,
 Quot.sound]
info: Erdos625/Section6SignedExpectationDenominator.lean:240:0: 'Erdos625.signedProfileExpectation_ne_top' depends on axioms: [propext, Classical.choice, Quot.sound]
info: Erdos625/Section6SignedExpectationDenominator.lean:241:0: 'Erdos625.signedProfileExpectation_pos_of_orderedProfilePartition' depends on axioms: [propext,
 Classical.choice,
 Quot.sound]
info: Erdos625/Section6SignedExpectationDenominator.lean:242:0: 'Erdos625.div_signedProfileExpectation_sq_eq_iff_of_orderedProfilePartition' depends on axioms: [propext,
 Classical.choice,
 Quot.sound]
ℹ [8732/9038] Built Erdos625.Section9KernelPathEnumeration (15s)
info: Erdos625/Section9KernelPathEnumeration.lean:213:0: 'Erdos625.sum_kernelPathCode_weight_eq_finiteKernelEndpointMass' depends on axioms: [propext,
 Classical.choice,
 Quot.sound]
info: Erdos625/Section9KernelPathEnumeration.lean:214:0: 'Erdos625.sum_positiveKernelPathCode_weight_eq_finitePositiveWalkKernel' depends on axioms: [propext,
 Classical.choice,
 Quot.sound]
info: Erdos625/Section9KernelPathEnumeration.lean:215:0: 'Erdos625.sum_finiteKernelEndpointMass_eq_finiteKernelWalkMass' depends on axioms: [propext,
 Classical.choice,
 Quot.sound]
ℹ [8733/9038] Built Erdos625.Section8TypedPartialMatching (19s)
info: Erdos625/Section8TypedPartialMatching.lean:213:0: 'Erdos625.typedPartialMatchingSourceEmbedding' depends on axioms: [propext, Classical.choice, Quot.sound]
info: Erdos625/Section8TypedPartialMatching.lean:214:0: 'Erdos625.typedPartialMatchingTargetEmbedding' depends on axioms: [propext, Classical.choice, Quot.sound]
info: Erdos625/Section8TypedPartialMatching.lean:215:0: 'Erdos625.typedPartialMatchingPairing' depends on axioms: [propext, Quot.sound]
info: Erdos625/Section8TypedPartialMatching.lean:216:0: 'Erdos625.typedPartialMatchingEquivPrescribedDemandWitness' depends on axioms: [propext, Quot.sound]
info: Erdos625/Section8TypedPartialMatching.lean:217:0: 'Erdos625.card_typedPartialMatching_mul_factorials' depends on axioms: [propext, Classical.choice, Quot.sound]
✔ [8734/9038] Built Erdos625.ConfigurationModelCellMarginals (17s)
✔ [8735/9038] Built Erdos625.ConfigurationModelResidualMatching (20s)
ℹ [8736/9038] Built Erdos625.ConfigurationModelProbability (19s)
info: Erdos625/ConfigurationModelProbability.lean:303:0: 'Erdos625.uniformConfigurationMatching_event_apply' depends on axioms: [propext, Classical.choice, Quot.sound]
✔ [8737/9038] Built Erdos625.ColoringProfileProbability (15s)
✔ [8738/9038] Built Erdos625.ColoringProfileVariationalEnvelope (14s)
✔ [8739/9038] Built Erdos625.ColoringProfileRealObjective (14s)
ℹ [8740/9038] Built Erdos625.Section8CanonicalLabelledWitness (30s)
info: Erdos625/Section8CanonicalLabelledWitness.lean:196:0: 'Erdos625.existsUnique_canonicalHighDemandWitness' depends on axioms: [propext, Classical.choice, Quot.sound]
✔ [8741/9038] Built Erdos625.Section10_11ConditionalAssembly (16s)
ℹ [8742/9038] Built Erdos625.Section10QuarterChainLinearEvent (17s)
info: Erdos625/Section10QuarterChainLinearEvent.lean:185:0: 'Erdos625.chromaticNumberNat_induce_finset_le_card' depends on axioms: [propext, Classical.choice, Quot.sound]
info: Erdos625/Section10QuarterChainLinearEvent.lean:186:0: 'Erdos625.chromaticNumberNat_induce_le_quarterChainGreedyColorCost' depends on axioms: [propext,
 Classical.choice,
 Quot.sound]
info: Erdos625/Section10QuarterChainLinearEvent.lean:187:0: 'Erdos625.quarterChainIndependentBlockEvent_subset_linearColoringEvent' depends on axioms: [propext,
 Classical.choice,
 Quot.sound]
info: Erdos625/Section10QuarterChainLinearEvent.lean:188:0: 'Erdos625.exists_quarterChainIndependentBlockEvent_subset_linearColoringEvent_eventually' depends on axioms: [propext,
 Classical.choice,
 Quot.sound]
info: Erdos625/Section10QuarterChainLinearEvent.lean:189:0: 'Erdos625.quarterChainLinearColoringEvent_probability_tendsto_one_of_subset' depends on axioms: [propext,
 Classical.choice,
 Quot.sound]
info: Erdos625/Section10QuarterChainLinearEvent.lean:190:0: 'Erdos625.exists_quarterChainLinearColoringEvent_probability_tendsto_one' depends on axioms: [propext,
 Classical.choice,
 Quot.sound]
info: Erdos625/Section10QuarterChainLinearEvent.lean:191:0: 'Erdos625.quarterChainLinearColoringEvent_compl_probability_le_failure_eventually' depends on axioms: [propext,
 Classical.choice,
 Quot.sound]
info: Erdos625/Section10QuarterChainLinearEvent.lean:192:0: 'Erdos625.exists_quarterChainLinearColoringEvent_full_control' depends on axioms: [propext,
 Classical.choice,
 Quot.sound]
ℹ [8743/9038] Built Erdos625.Section9BlockChainEnumeration (16s)
info: Erdos625/Section9BlockChainEnumeration.lean:188:0: 'Erdos625.sum_positiveKernelThenTransitionCode_weight_eq_finiteKernelComp' depends on axioms: [propext,
 Classical.choice,
 Quot.sound]
info: Erdos625/Section9BlockChainEnumeration.lean:190:0: 'Erdos625.sum_relaxedBlockChainCode_weight_eq_finiteKernelEndpointMass' depends on axioms: [propext,
 Classical.choice,
 Quot.sound]
✔ [8744/9038] Built Erdos625.FullCornerAggregateBound (17s)
✔ [8745/9038] Built Erdos625.ConfigurationResidualSupport (16s)
ℹ [8746/9038] Built Erdos625.RootSeparationConcreteAdapter (31s)
info: Erdos625/RootSeparationConcreteAdapter.lean:71:0: 'Erdos625.eventually_concrete_root_corridor_gap' depends on axioms: [propext, Classical.choice, Quot.sound]
ℹ [8747/9038] Built Erdos625.RootSeparationFixedOffsetRounding (32s)
info: Erdos625/RootSeparationFixedOffsetRounding.lean:75:0: 'Erdos625.root_fixedOffset_rounding_gap' depends on axioms: [propext, Classical.choice, Quot.sound]
info: Erdos625/RootSeparationFixedOffsetRounding.lean:76:0: 'Erdos625.root_fixedOffset_rounding_gap_toNat' depends on axioms: [propext, Classical.choice, Quot.sound]
info: Erdos625/RootSeparationFixedOffsetRounding.lean:77:0: 'Erdos625.fixedOffset_rounding_budget_spec' depends on axioms: [propext, Classical.choice, Quot.sound]
✔ [8748/9038] Built Erdos625.ResidualFiberCounts (18s)
ℹ [8749/9038] Built Erdos625.ProfileOverlapConfigurationBridge (18s)
info: Erdos625/ProfileOverlapConfigurationBridge.lean:484:0: 'Erdos625.profileRowToStubEquiv' depends on axioms: [propext, Classical.choice, Quot.sound]
info: Erdos625/ProfileOverlapConfigurationBridge.lean:485:0: 'Erdos625.configurationMatchingEquivColumnWithOrders' depends on axioms: [propext, Classical.choice, Quot.sound]
info: Erdos625/ProfileOverlapConfigurationBridge.lean:486:0: 'Erdos625.configurationCellCount_ofColumnWithOrders_eq_orderedOverlapCount' depends on axioms: [propext,
 Classical.choice,
 Quot.sound]
info: Erdos625/ProfileOverlapConfigurationBridge.lean:487:0: 'Erdos625.profileOverlapTableOfConfigurationMatching_tableNat_eq_cellCount' depends on axioms: [propext,
 Classical.choice,
 Quot.sound]
info: Erdos625/ProfileOverlapConfigurationBridge.lean:488:0: 'Erdos625.card_profileColumnFiberOrders' depends on axioms: [propext, Classical.choice, Quot.sound]
info: Erdos625/ProfileOverlapConfigurationBridge.lean:489:0: 'Erdos625.uniformConfigurationMatching_map_orderedProfileColumn' depends on axioms: [propext,
 Classical.choice,
 Quot.sound]
info: Erdos625/ProfileOverlapConfigurationBridge.lean:490:0: 'Erdos625.uniformConfigurationMatching_map_profileOverlapTable' depends on axioms: [propext,
 Classical.choice,
 Quot.sound]
info: Erdos625/ProfileOverlapConfigurationBridge.lean:491:0: 'Erdos625.weightedExpectation_uniformConfigurationMatching_eq_uniformProfile' depends on axioms: [propext,
 Classical.choice,
 Quot.sound]
✔ [8750/9038] Built Erdos625.ConfigurationThetaMoments (17s)
ℹ [8751/9038] Built Erdos625.Section8WitnessDemandFeasibility (16s)
info: Erdos625/Section8WitnessDemandFeasibility.lean:32:0: 'Erdos625.totalDemand_le_rowTotal_of_witness' depends on axioms: [propext, Classical.choice, Quot.sound]
ℹ [8752/9038] Built Erdos625.Section8LabelledIncidence (15s)
info: Erdos625/Section8LabelledIncidence.lean:60:0: 'Erdos625.labelledWitnessIncidence_eq' depends on axioms: [propext, Classical.choice, Quot.sound]
ℹ [8753/9038] Built Erdos625.Section9ThetaSquareEulerRescale (16s)
info: Erdos625/Section9ThetaSquareEulerRescale.lean:57:0: 'Erdos625.rescale_configurationCellTheta_square_to_degreeSquare' depends on axioms: [propext,
 Classical.choice,
 Quot.sound]
ℹ [8754/9038] Built Erdos625.Section8UnlabelledTypedSkeleton (44s)
info: Erdos625/Section8UnlabelledTypedSkeleton.lean:771:0: 'Erdos625.UnlabelledTypedSkeleton.ext' depends on axioms: [propext, Quot.sound]
info: Erdos625/Section8UnlabelledTypedSkeleton.lean:772:0: 'Erdos625.typedPartialMatchingUnlabelledSkeleton' depends on axioms: [propext, Classical.choice, Quot.sound]
info: Erdos625/Section8UnlabelledTypedSkeleton.lean:773:0: 'Erdos625.typedPartialMatchingUnlabelledSkeleton_typeTable' depends on axioms: [propext, Classical.choice, Quot.sound]
info: Erdos625/Section8UnlabelledTypedSkeleton.lean:774:0: 'Erdos625.unlabelledSkeletonFibreToTypedPartialMatching' depends on axioms: [propext, Classical.choice, Quot.sound]
info: Erdos625/Section8UnlabelledTypedSkeleton.lean:775:0: 'Erdos625.typedPartialMatchingEquivUnlabelledSkeletonFibre' depends on axioms: [propext, Classical.choice, Quot.sound]
info: Erdos625/Section8UnlabelledTypedSkeleton.lean:776:0: 'Erdos625.card_unlabelledTypedSkeleton_typeTable_mul_factorials' depends on axioms: [propext,
 Classical.choice,
 Quot.sound]
ℹ [8755/9038] Built Erdos625.Section9ThetaCap (16s)
info: Erdos625/Section9ThetaCap.lean:60:0: 'Erdos625.configurationCellTheta_toReal_le_of_caps' depends on axioms: [propext, Classical.choice, Quot.sound]
✔ [8756/9038] Built Erdos625.ColoringProfileDualBound (15s)
ℹ [8757/9038] Built Erdos625.Section9CappedFixedFExpansion (26s)
info: Erdos625/Section9CappedFixedFExpansion.lean:313:0: 'Erdos625.capped_fixedF_prescribedDemand_expansion' depends on axioms: [propext, Classical.choice, Quot.sound]
ℹ [8758/9038] Built Erdos625.Section10QuarterChainLeftoverEvent (17s)
info: Erdos625/Section10QuarterChainLeftoverEvent.lean:225:0: 'Erdos625.erdos625Statement_of_capacitySeed_quarterChainLeftover_thresholds' depends on axioms: [propext,
 Classical.choice,
 Quot.sound]
info: Erdos625/Section10QuarterChainLeftoverEvent.lean:226:0: 'Erdos625.ceilDivNat_mono_left' depends on axioms: [propext, Quot.sound]
info: Erdos625/Section10QuarterChainLeftoverEvent.lean:227:0: 'Erdos625.quarterChainLeftoverBound_real_upper_bound_eventually' depends on axioms: [propext,
 Classical.choice,
 Quot.sound]
info: Erdos625/Section10QuarterChainLeftoverEvent.lean:228:0: 'Erdos625.univ_sdiff_card_eq_compl_fintype_card' depends on axioms: [propext, Classical.choice, Quot.sound]
info: Erdos625/Section10QuarterChainLeftoverEvent.lean:229:0: 'Erdos625.chromaticNumberNat_induce_eq_of_set_eq' depends on axioms: [propext, Classical.choice, Quot.sound]
info: Erdos625/Section10QuarterChainLeftoverEvent.lean:230:0: 'Erdos625.quarterChainIndependentBlockEvent_subset_simultaneousLeftoverColoringEvent' depends on axioms: [propext,
 Classical.choice,
 Quot.sound]
info: Erdos625/Section10QuarterChainLeftoverEvent.lean:231:0: 'Erdos625.simultaneousLeftoverColoringEvent_probability_tendsto_one_of_eventually_bound' depends on axioms: [propext,
 Classical.choice,
 Quot.sound]
info: Erdos625/Section10QuarterChainLeftoverEvent.lean:232:0: 'Erdos625.quarterChainLeftoverBound_probability_tendsto_one' depends on axioms: [propext, Classical.choice, Quot.sound]
info: Erdos625/Section10QuarterChainLeftoverEvent.lean:233:0: 'Erdos625.quarterChainLeftoverBound_compl_probability_le' depends on axioms: [propext, Classical.choice, Quot.sound]
info: Erdos625/Section10QuarterChainLeftoverEvent.lean:234:0: 'Erdos625.erdos625Statement_of_capacity_quarterChainLeftover_thresholds' depends on axioms: [propext,
 Classical.choice,
 Quot.sound]
ℹ [8759/9038] Built Erdos625.Section10UniformAmplification (20s)
info: Erdos625/Section10UniformAmplification.lean:297:0: 'Erdos625.quarterChainLinearColoringEvent_mono_constant' depends on axioms: [propext, Classical.choice, Quot.sound]
info: Erdos625/Section10UniformAmplification.lean:298:0: 'Erdos625.cochromaticCapacityDeficitRadius_lt_displayed' depends on axioms: [propext, Classical.choice, Quot.sound]
info: Erdos625/Section10UniformAmplification.lean:299:0: 'Erdos625.capacityAmplification_inter_linear_subset_cochromaticUpperEvent' depends on axioms: [propext,
 Classical.choice,
 Quot.sound]
info: Erdos625/Section10UniformAmplification.lean:300:0: 'Erdos625.cochromaticUpperEvent_compl_probability_le_exp_add' depends on axioms: [propext, Classical.choice, Quot.sound]
info: Erdos625/Section10UniformAmplification.lean:301:0: 'Erdos625.exists_uniform_cochromatic_amplification' depends on axioms: [propext, Classical.choice, Quot.sound]
✔ [8760/9038] Built Erdos625.Section9EncodingAssembly (15s)
ℹ [8761/9038] Built Erdos625.Section9CycleWalkCutAtMatching (21s)
info: Erdos625/Section9CycleWalkCutAtMatching.lean:887:0: 'Erdos625.relaxedBlockOrientedEdges_closed' does not depend on any axioms
info: Erdos625/Section9CycleWalkCutAtMatching.lean:888:0: 'Erdos625.relaxedBlock_projection_nodup' does not depend on any axioms
info: Erdos625/Section9CycleWalkCutAtMatching.lean:889:0: 'Erdos625.relaxedBlockChainCode_weight_eq_projection_weights' depends on axioms: [propext, Classical.choice, Quot.sound]
info: Erdos625/Section9CycleWalkCutAtMatching.lean:890:0: 'Erdos625.cycle_inter_matching_card_le_vertex_count' depends on axioms: [propext, Classical.choice, Quot.sound]
info: Erdos625/Section9CycleWalkCutAtMatching.lean:891:0: 'Erdos625.IsFaithfulCycleCut.decode_eq' depends on axioms: [propext, Classical.choice, Quot.sound]
info: Erdos625/Section9CycleWalkCutAtMatching.lean:892:0: 'Erdos625.IsFaithfulCycleCut.blockCount_le_vertex_count' depends on axioms: [propext, Classical.choice, Quot.sound]
info: Erdos625/Section9CycleWalkCutAtMatching.lean:893:0: 'Erdos625.IsFaithfulCycleCut.residualEdges_length_eq_sdiff_card' depends on axioms: [propext,
 Classical.choice,
 Quot.sound]
info: Erdos625/Section9CycleWalkCutAtMatching.lean:894:0: 'Erdos625.IsFaithfulCycleCut.codeWeight_eq_sdiff_prod' depends on axioms: [propext, Classical.choice, Quot.sound]
✔ [8762/9038] Built Erdos625.ResidualDegreeMatching (16s)
ℹ [8763/9038] Built Erdos625.Section8TypeTableFeasibility (16s)
info: Erdos625/Section8TypeTableFeasibility.lean:189:0: 'Erdos625.UnlabelledTypedSkeleton.sum_typeTable_row_le' depends on axioms: [propext, Classical.choice, Quot.sound]
info: Erdos625/Section8TypeTableFeasibility.lean:190:0: 'Erdos625.UnlabelledTypedSkeleton.sum_typeTable_column_le' depends on axioms: [propext, Classical.choice, Quot.sound]
✔ [8764/9038] Built Erdos625.Section8WeightedSkeletonQuotient (15s)
✔ [8765/9038] Built Erdos625.ColoringProfileDualProbability (15s)
ℹ [8766/9038] Built Erdos625.Section8PhysicalSkeletonFibreGrouping (22s)
info: Erdos625/Section8PhysicalSkeletonFibreGrouping.lean:188:0: 'Erdos625.sum_unlabelledSkeleton_weight_eq_sum_typeTables' depends on axioms: [propext, Classical.choice, Quot.sound]
info: Erdos625/Section8PhysicalSkeletonFibreGrouping.lean:189:0: 'Erdos625.cast_card_unlabelledSkeleton_fibre_mul_cellFactorials' depends on axioms: [propext,
 Classical.choice,
 Quot.sound]
info: Erdos625/Section8PhysicalSkeletonFibreGrouping.lean:190:0: 'Erdos625.sum_unlabelledSkeleton_cellFactorial_weight_eq_descendingProducts' depends on axioms: [propext,
 Classical.choice,
 Quot.sound]
info: Erdos625/Section8PhysicalSkeletonFibreGrouping.lean:191:0: 'Erdos625.sum_unlabelledSkeleton_weight_eq_descendingProducts_div_cellFactorials' depends on axioms: [propext,
 Classical.choice,
 Quot.sound]
info: Erdos625/Section8PhysicalSkeletonFibreGrouping.lean:192:0: 'Erdos625.sum_unlabelledTypedSkeleton_fixedExposureWeight_eq_weightedQuotient' depends on axioms: [propext,
 Classical.choice,
 Quot.sound]
info: Erdos625/Section8PhysicalSkeletonFibreGrouping.lean:193:0: 'Erdos625.typeTableCellFactorial_mul_descendingProducts_div_cellFactorials' depends on axioms: [propext,
 Classical.choice,
 Quot.sound]
✔ [8767/9038] Built Erdos625.ColoringProfileDualDifferentiation (15s)
ℹ [8768/9038] Built Erdos625.Section9RewardCompatibility (15s)
info: Erdos625/Section9RewardCompatibility.lean:30:0: 'Erdos625.residualReward_eq_localSignRewardNat' depends on axioms: [propext, Quot.sound]
info: Erdos625/Section9RewardCompatibility.lean:31:0: 'Erdos625.residualRewardIncrement_eq_localSignRewardNat_sub' depends on axioms: [propext, Quot.sound]
ℹ [8769/9038] Built Erdos625.Section9ResidualLambdaCubic (18s)
info: Erdos625/Section9ResidualLambdaCubic.lean:88:0: 'Erdos625.existsAbsoluteResidualLambdaCubicBound' depends on axioms: [propext, Classical.choice, Quot.sound]
ℹ [8770/9038] Built Erdos625.Section9ActualResidualFamily (14s)
info: Erdos625/Section9ActualResidualFamily.lean:54:0: 'Erdos625.card_actualResidualEvenEdgeFamily_le_pow_support' depends on axioms: [propext, Classical.choice, Quot.sound]
ℹ [8771/9038] Built Erdos625.Section10UniformAmplificationSpecialization (16s)
info: Erdos625/Section10UniformAmplificationSpecialization.lean:158:0: 'Erdos625.uniformAmplificationError_amplificationRadius_eq' depends on axioms: [propext, Classical.choice, Quot.sound]
info: Erdos625/Section10UniformAmplificationSpecialization.lean:159:0: 'Erdos625.exp_neg_amplificationRadius_tendsto_zero' depends on axioms: [propext, Classical.choice, Quot.sound]
info: Erdos625/Section10UniformAmplificationSpecialization.lean:160:0: 'Erdos625.tendsto_measure_one_of_compl_real_tendsto_zero' depends on axioms: [propext, Classical.choice, Quot.sound]
info: Erdos625/Section10UniformAmplificationSpecialization.lean:161:0: 'Erdos625.exists_uniform_cochromatic_amplification_at_manuscript_scales' depends on axioms: [propext,
 Classical.choice,
 Quot.sound]
ℹ [8772/9038] Built Erdos625.Section8ResidualDegreeTotal (16s)
info: Erdos625/Section8ResidualDegreeTotal.lean:39:0: 'Erdos625.sum_residualRowDegree_eq_sum_residualColumnDegree' depends on axioms: [propext, Classical.choice, Quot.sound]
info: Erdos625/Section8ResidualDegreeTotal.lean:59:0: 'Erdos625.sum_residualRowDegree_eq_rowTotal_sub_totalDemand' depends on axioms: [propext, Classical.choice, Quot.sound]
info: Erdos625/Section8ResidualDegreeTotal.lean:79:0: 'Erdos625.sum_residualColumnDegree_eq_colTotal_sub_totalDemand' depends on axioms: [propext,
 Classical.choice,
 Quot.sound]
info: Erdos625/Section8ResidualDegreeTotal.lean:103:0: 'Erdos625.residualDegreeProfile_of_witness' depends on axioms: [propext, Classical.choice, Quot.sound]
ℹ [8773/9038] Built Erdos625.Section9PhysicalCycleCutting (20s)
info: Erdos625/Section9PhysicalCycleCutting.lean:1435:0: 'Erdos625.exists_kernelPathCode_orientedEdges_eq' depends on axioms: [propext]
info: Erdos625/Section9PhysicalCycleCutting.lean:1436:0: 'Erdos625.exists_positiveKernelPathCode_orientedEdges_eq' depends on axioms: [propext, Quot.sound]
info: Erdos625/Section9PhysicalCycleCutting.lean:1437:0: 'Erdos625.exists_relaxedBlockChainCode_of_physicalCutBlocks' depends on axioms: [propext, Quot.sound]
info: Erdos625/Section9PhysicalCycleCutting.lean:1438:0: 'Erdos625.exists_closed_relaxedBlockChainCode_of_physicalCutBlocks' depends on axioms: [propext, Quot.sound]
info: Erdos625/Section9PhysicalCycleCutting.lean:1439:0: 'Erdos625.physicalCycleCuttingStatement' depends on axioms: [propext, Classical.choice, Quot.sound]
✔ [8774/9038] Built Erdos625.ConfigurationResidualCellCounts (16s)
ℹ [8775/9038] Built Erdos625.Section9ResidualQQuadratic (25s)
info: Erdos625/Section9ResidualQQuadratic.lean:100:0: 'Erdos625.existsAbsoluteResidualQQuadraticBound' depends on axioms: [propext, Classical.choice, Quot.sound]
✔ [8776/9038] Built Erdos625.ColoringProfileDualAsymptotic (15s)
ℹ [8777/9038] Built Erdos625.Section8AttainedWeightedQuotient (17s)
info: Erdos625/Section8AttainedWeightedQuotient.lean:66:0: 'Erdos625.sum_restrictedUnlabelledSkeleton_weight_eq_attainedQuotient' depends on axioms: [propext,
 Classical.choice,
 Quot.sound]
✔ [8778/9038] Built Erdos625.ColoringProfileDualOptimizer (15s)
✔ [8779/9038] Built Erdos625.ColoringProfileDualTilt (17s)
ℹ [8780/9038] Built Erdos625.Section9ResidualLambdaTotalBound (17s)
info: Erdos625/Section9ResidualLambdaTotalBound.lean:89:0: 'Erdos625.existsAbsoluteResidualLambdaTotalBound' depends on axioms: [propext, Classical.choice, Quot.sound]
ℹ [8781/9038] Built Erdos625.Section9CycleRankConfigurationAssembly (16s)
info: Erdos625/Section9CycleRankConfigurationAssembly.lean:144:0: 'Erdos625.relationFinset_configurationResidualSupportRelation' depends on axioms: [propext,
 Classical.choice,
 Quot.sound]
info: Erdos625/Section9CycleRankConfigurationAssembly.lean:145:0: 'Erdos625.cycleRank_matching_union_configurationResidualSupport_le_card' depends on axioms: [propext,
 Classical.choice,
 Quot.sound]
info: Erdos625/Section9CycleRankConfigurationAssembly.lean:146:0: 'Erdos625.cycleRank_matching_union_configurationResidualSupport_le_half_stubMass' depends on axioms: [propext,
 Classical.choice,
 Quot.sound]
info: Erdos625/Section9CycleRankConfigurationAssembly.lean:147:0: 'Erdos625.cycleRank_matching_union_configurationResidualSupport_le_half_m₀' depends on axioms: [propext,
 Classical.choice,
 Quot.sound]
info: Erdos625/Section9CycleRankConfigurationAssembly.lean:148:0: 'Erdos625.cycleRank_matching_union_configurationResidualSupport_le_half_rowStubCard' depends on axioms: [propext,
 Classical.choice,
 Quot.sound]
info: Erdos625/Section9CycleRankConfigurationAssembly.lean:149:0: 'Erdos625.card_configurationActualResidualEvenEdgeFamily_le_two_pow_half_stubMass' depends on axioms: [propext,
 Classical.choice,
 Quot.sound]
ℹ [8782/9038] Built Erdos625.Section9ActualResidualWeightedEmbedding (16s)
info: Erdos625/Section9ActualResidualWeightedEmbedding.lean:139:0: 'Erdos625.bipartiteEvenEdgeSet_iff_isBipartiteEven' depends on axioms: [propext, Quot.sound]
info: Erdos625/Section9ActualResidualWeightedEmbedding.lean:140:0: 'Erdos625.sum_actualResidualEvenEdgeFamily_weight_le_all_even' depends on axioms: [propext,
 Classical.choice,
 Quot.sound]
ℹ [8783/9038] Built Erdos625.Section9ActualResidualCycleSpaceEquiv (18s)
info: Erdos625/Section9ActualResidualCycleSpaceEquiv.lean:249:0: 'Erdos625.supportedCellEquivBipartiteGraphEdge' depends on axioms: [propext, Classical.choice, Quot.sound]
info: Erdos625/Section9ActualResidualCycleSpaceEquiv.lean:250:0: 'Erdos625.supportedCellFinsetToEdges_even_iff' depends on axioms: [propext, Classical.choice, Quot.sound]
info: Erdos625/Section9ActualResidualCycleSpaceEquiv.lean:251:0: 'Erdos625.actualResidualEvenEdgeFamilyEquivEvenEdgeSubset' depends on axioms: [propext, Classical.choice, Quot.sound]
info: Erdos625/Section9ActualResidualCycleSpaceEquiv.lean:252:0: 'Erdos625.natCard_actualResidualEvenEdgeFamily_eq_two_pow_cycleRank' depends on axioms: [propext,
 Classical.choice,
 Quot.sound]
ℹ [8784/9038] Built Erdos625.Section10_11UniformSeedRootFinal (18s)
info: Erdos625/Section10_11UniformSeedRootFinal.lean:72:0: 'Erdos625.erdos625Statement_of_uniform_seed_and_root' depends on axioms: [propext, Classical.choice, Quot.sound]
✔ [8785/9038] Built Erdos625.ConfigurationResidualCellConstraints (16s)
ℹ [8786/9038] Built Erdos625.Section9ResidualQDegreeAssembly (16s)
info: Erdos625/Section9ResidualQDegreeAssembly.lean:71:0: 'Erdos625.existsAbsoluteResidualQRowColumnBound' depends on axioms: [propext, Classical.choice, Quot.sound]
info: Erdos625/Section9ResidualQDegreeAssembly.lean:103:0: 'Erdos625.existsAbsoluteResidualQRowColumnBound_of_degreeCaps' depends on axioms: [propext,
 Classical.choice,
 Quot.sound]
ℹ [8787/9038] Built Erdos625.ColoringProfileDualExponentRewrite (16s)
info: Erdos625/ColoringProfileDualExponentRewrite.lean:27:0: 'Erdos625.coloringProfileDualExponentRewrite' depends on axioms: [propext, Classical.choice, Quot.sound]
✔ [8788/9038] Built Erdos625.ColoringProfileDeficitDual (17s)
ℹ [8789/9038] Built Erdos625.Section9ActualResidualRealPolymerBridge (17s)
info: Erdos625/Section9ActualResidualRealPolymerBridge.lean:118:0: 'Erdos625.sum_actualResidualEvenEdgeFamily_real_weight_le_all_even' depends on axioms: [propext,
 Classical.choice,
 Quot.sound]
info: Erdos625/Section9ActualResidualRealPolymerBridge.lean:119:0: 'Erdos625.sum_actualResidualEvenEdgeFamily_real_weight_le_polymer_product' depends on axioms: [propext,
 Classical.choice,
 Quot.sound]
info: Erdos625/Section9ActualResidualRealPolymerBridge.lean:120:0: 'Erdos625.sum_actualResidualEvenEdgeFamily_real_weight_le_polymer_exp' depends on axioms: [propext,
 Classical.choice,
 Quot.sound]
ℹ [8790/9038] Built Erdos625.Section8CanonicalResidualProfile (32s)
info: Erdos625/Section8CanonicalResidualProfile.lean:56:0: 'Erdos625.existsUnique_canonicalHighDemandWitness_residualProfile' depends on axioms: [propext,
 Classical.choice,
 Quot.sound]
✔ [8791/9038] Built Erdos625.Section8FixedWitnessAssembly (16s)
ℹ [8792/9038] Built Erdos625.Section6SignedOverlapLocalFactor (24s)
info: Erdos625/Section6SignedOverlapLocalFactor.lean:334:0: 'Erdos625.signedOverlapSupportGraph_edgeSet_natCard' depends on axioms: [propext, Classical.choice, Quot.sound]
info: Erdos625/Section6SignedOverlapLocalFactor.lean:335:0: 'Erdos625.prod_localSignRewardNat_matrix_eq_pow' depends on axioms: [propext, Classical.choice, Quot.sound]
info: Erdos625/Section6SignedOverlapLocalFactor.lean:336:0: 'Erdos625.signedOverlapLocalFactor_cross' depends on axioms: [propext, Classical.choice, Quot.sound]
info: Erdos625/Section6SignedOverlapLocalFactor.lean:337:0: 'Erdos625.signedOverlap_exponent_nonnegative' depends on axioms: [propext, Classical.choice, Quot.sound]
info: Erdos625/Section6SignedOverlapLocalFactor.lean:338:0: 'Erdos625.signedOverlapLocalFactor_div_pow_eq_reward_rat' depends on axioms: [propext, Classical.choice, Quot.sound]
info: Erdos625/Section6SignedOverlapLocalFactor.lean:339:0: 'Erdos625.signedOverlapLocalFactor_div_pow_eq_pow_exponent_rat' depends on axioms: [propext,
 Classical.choice,
 Quot.sound]
ℹ [8793/9038] Built Erdos625.Section9ResidualQTraversalBridge (16s)
info: Erdos625/Section9ResidualQTraversalBridge.lean:50:0: 'Erdos625.existsAbsoluteResidualQBipartiteKernelRowBound_of_degreeCaps' depends on axioms: [propext,
 Classical.choice,
 Quot.sound]
✔ [8794/9038] Built Erdos625.ColoringProfilePhaseDerivativeAffineCore (15s)
✔ [8795/9038] Built Erdos625.ColoringProfileDeficitScoreBounds (14s)
✔ [8796/9038] Built Erdos625.ColoringProfileDualOptimalValue (16s)
ℹ [8797/9038] Built Erdos625.Section9ActualResidualENNRealPolymerBridge (37s)
info: Erdos625/Section9ActualResidualENNRealPolymerBridge.lean:221:0: 'Erdos625.weighted_evenSubgraph_ennreal_polymer_product' depends on axioms: [propext, Classical.choice, Quot.sound]
info: Erdos625/Section9ActualResidualENNRealPolymerBridge.lean:222:0: 'Erdos625.sum_actualResidualEvenEdgeFamily_ennreal_weight_le_polymer_product' depends on axioms: [propext,
 Classical.choice,
 Quot.sound]
ℹ [8798/9038] Built Erdos625.Section6PairSignCompatibility (13s)
info: Erdos625/Section6PairSignCompatibility.lean:168:0: 'Erdos625.pairBoolSignAssignmentsEquivSum' depends on axioms: [Quot.sound]
info: Erdos625/Section6PairSignCompatibility.lean:169:0: 'Erdos625.pairSignSupportGraph_eq_signedOverlapSupportGraph' depends on axioms: [propext, Quot.sound]
info: Erdos625/Section6PairSignCompatibility.lean:170:0: 'Erdos625.pairSign_cellCompatible_iff_graphEdgeConstant' depends on axioms: [propext, Quot.sound]
info: Erdos625/Section6PairSignCompatibility.lean:171:0: 'Erdos625.compatiblePairSignAssignmentsEquivOverlap' depends on axioms: [propext, Classical.choice, Quot.sound]
info: Erdos625/Section6PairSignCompatibility.lean:172:0: 'Erdos625.natCard_compatiblePairSignAssignments_eq_overlap' depends on axioms: [propext, Classical.choice, Quot.sound]
info: Erdos625/Section6PairSignCompatibility.lean:173:0: 'Erdos625.natCard_compatiblePairSignAssignments_eq_two_pow_components' depends on axioms: [propext,
 Classical.choice,
 Quot.sound]
ℹ [8799/9038] Built Erdos625.Section6SignedOverlapRewardReindex (14s)
info: Erdos625/Section6SignedOverlapRewardReindex.lean:112:0: 'Erdos625.signedOverlapSupportGraphReindexIso' depends on axioms: [propext, Quot.sound]
info: Erdos625/Section6SignedOverlapRewardReindex.lean:113:0: 'Erdos625.cycleRank_signedOverlapSupportGraph_reindex' depends on axioms: [propext, Classical.choice, Quot.sound]
info: Erdos625/Section6SignedOverlapRewardReindex.lean:114:0: 'Erdos625.signedOverlapReward_reindex' depends on axioms: [propext, Classical.choice, Quot.sound]
✔ [8800/9038] Built Erdos625.ColoringProfileDeficitConvergence (15s)
ℹ [8801/9038] Built Erdos625.ColoringProfilePhaseObjective (16s)
info: Erdos625/ColoringProfilePhaseObjective.lean:34:0: 'Erdos625.profilePhaseObjective_eq_selected_core' depends on axioms: [propext, Classical.choice, Quot.sound]
✔ [8802/9038] Built Erdos625.ColoringProfileDeficitPartitionBounds (17s)
ℹ [8803/9038] Built Erdos625.Section8CanonicalEventResidual (26s)
info: Erdos625/Section8CanonicalEventResidual.lean:117:0: 'Erdos625.mem_fixedWitnessCanonicalDemandEvent_iff_residual' depends on axioms: [propext, Classical.choice, Quot.sound]
ℹ [8804/9038] Built Erdos625.Section9PhysicalCycleEncoder (16s)
info: Erdos625/Section9PhysicalCycleEncoder.lean:98:0: 'Erdos625.chosenPhysicalCycleCut_faithful' depends on axioms: [propext, Classical.choice, Quot.sound]
info: Erdos625/Section9PhysicalCycleEncoder.lean:99:0: 'Erdos625.decode_chosenPhysicalCycleCut' depends on axioms: [propext, Classical.choice, Quot.sound]
info: Erdos625/Section9PhysicalCycleEncoder.lean:100:0: 'Erdos625.chosenPhysicalCycleCut_injective' depends on axioms: [propext, Classical.choice, Quot.sound]
info: Erdos625/Section9PhysicalCycleEncoder.lean:101:0: 'Erdos625.chosenPhysicalCycleCut_weight_eq' depends on axioms: [propext, Classical.choice, Quot.sound]
ℹ [8805/9038] Built Erdos625.Section9ResidualOnlyCycleEnumeration (18s)
info: Erdos625/Section9ResidualOnlyCycleEnumeration.lean:462:0: 'Erdos625.exists_faithfulResidualCycleTraversal' depends on axioms: [propext, Classical.choice, Quot.sound]
info: Erdos625/Section9ResidualOnlyCycleEnumeration.lean:463:0: 'Erdos625.chosenResidualOnlyCycleTraversal_injective' depends on axioms: [propext, Classical.choice, Quot.sound]
info: Erdos625/Section9ResidualOnlyCycleEnumeration.lean:464:0: 'Erdos625.chosenResidualOnlyCycleTraversal_weight_eq' depends on axioms: [propext, Classical.choice, Quot.sound]
info: Erdos625/Section9ResidualOnlyCycleEnumeration.lean:465:0: 'Erdos625.sum_residualOnlySimpleCycle_weight_le_traversalCode' depends on axioms: [propext,
 Classical.choice,
 Quot.sound]
info: Erdos625/Section9ResidualOnlyCycleEnumeration.lean:466:0: 'Erdos625.sum_residualCycleTraversalCode_weight_eq_endpointMass' depends on axioms: [propext,
 Classical.choice,
 Quot.sound]
info: Erdos625/Section9ResidualOnlyCycleEnumeration.lean:467:0: 'Erdos625.sum_residualCycleTraversalCode_weight_le_walkMass' depends on axioms: [propext, Classical.choice, Quot.sound]
info: Erdos625/Section9ResidualOnlyCycleEnumeration.lean:468:0: 'Erdos625.sum_rowRooted_evenWalkMass_le_geometric' depends on axioms: [propext, Classical.choice, Quot.sound]
info: Erdos625/Section9ResidualOnlyCycleEnumeration.lean:469:0: 'Erdos625.residualOnlySimpleCycle_weighted_walk_enumeration' depends on axioms: [propext, Classical.choice, Quot.sound]
ℹ [8806/9038] Built Erdos625.Section9ActualResidualENNRealExpBridge (16s)
info: Erdos625/Section9ActualResidualENNRealExpBridge.lean:87:0: 'Erdos625.ennreal_one_add_le_ereal_exp' depends on axioms: [propext, Classical.choice, Quot.sound]
info: Erdos625/Section9ActualResidualENNRealExpBridge.lean:88:0: 'Erdos625.ennreal_polymer_product_le_ereal_exp_sum' depends on axioms: [propext, Classical.choice, Quot.sound]
info: Erdos625/Section9ActualResidualENNRealExpBridge.lean:89:0: 'Erdos625.sum_actualResidualEvenEdgeFamily_ennreal_weight_le_polymer_exp' depends on axioms: [propext,
 Classical.choice,
 Quot.sound]
ℹ [8807/9038] Built Erdos625.Section9FixedFFactorization (17s)
info: Erdos625/Section9FixedFFactorization.lean:78:0: 'Erdos625.residualFixedFExpectation_le_lambdaProduct_mul_edgeWeight' depends on axioms: [propext,
 Classical.choice,
 Quot.sound]
ℹ [8808/9038] Built Erdos625.Section6SignedSecondMomentPackage (16s)
info: Erdos625/Section6SignedSecondMomentPackage.lean:107:0: 'Erdos625.boundedOverlapTableProbability_eq_factorialLaw' depends on axioms: [propext, Classical.choice, Quot.sound]
info: Erdos625/Section6SignedSecondMomentPackage.lean:108:0: 'Erdos625.boundedOverlapTableLocalFactor_eq_product_cycleRank' depends on axioms: [propext,
 Classical.choice,
 Quot.sound]
info: Erdos625/Section6SignedSecondMomentPackage.lean:109:0: 'Erdos625.sum_boundedOverlapTableProbability_eq_one' depends on axioms: [propext, Classical.choice, Quot.sound]
info: Erdos625/Section6SignedSecondMomentPackage.lean:110:0: 'Erdos625.signedSecondMomentTableSum_eq_factorial_reward_sum' depends on axioms: [propext, Classical.choice, Quot.sound]
ℹ [8809/9038] Built Erdos625.FourDeficitScoreConvergence (18s)
info: Erdos625/FourDeficitScoreConvergence.lean:121:0: 'Erdos625.fourDeficit_zero' depends on axioms: [propext]
info: Erdos625/FourDeficitScoreConvergence.lean:122:0: 'Erdos625.fourDeficit_one' depends on axioms: [propext]
info: Erdos625/FourDeficitScoreConvergence.lean:123:0: 'Erdos625.fourDeficit_two' depends on axioms: [propext]
info: Erdos625/FourDeficitScoreConvergence.lean:124:0: 'Erdos625.fourDeficit_three' depends on axioms: [propext]
info: Erdos625/FourDeficitScoreConvergence.lean:125:0: 'Erdos625.fourDeficit_cast_eq_support' depends on axioms: [propext, Classical.choice, Quot.sound]
info: Erdos625/FourDeficitScoreConvergence.lean:126:0: 'Erdos625.profileDeficitResidualScore_rev_succ_eq_fourDeficitScore' depends on axioms: [propext,
 Classical.choice,
 Quot.sound]
info: Erdos625/FourDeficitScoreConvergence.lean:127:0: 'Erdos625.tendsto_fourDeficitScore' depends on axioms: [propext, Classical.choice, Quot.sound]
info: Erdos625/FourDeficitScoreConvergence.lean:128:0: 'Erdos625.eventually_uniform_fourDeficitScore' depends on axioms: [propext, Classical.choice, Quot.sound]
info: Erdos625/FourDeficitScoreConvergence.lean:129:0: 'Erdos625.eventually_uniform_fourDeficitOptimizedValue' depends on axioms: [propext, Classical.choice, Quot.sound]
ℹ [8810/9038] Built Erdos625.ColoringProfileDualLogReduction (18s)
info: Erdos625/ColoringProfileDualLogReduction.lean:226:0: 'Erdos625.randomGraphMeasure_chromaticNumberAtMost_phaseCap_tendsto_zero_of_log_dual' depends on axioms: [propext,
 Classical.choice,
 Quot.sound]
info: Erdos625/ColoringProfileDualLogReduction.lean:227:0: 'Erdos625.randomGraphMeasure_chromaticNumberAtMost_phaseCap_tendsto_zero_of_log_dual_le' depends on axioms: [propext,
 Classical.choice,
 Quot.sound]
info: Erdos625/ColoringProfileDualLogReduction.lean:228:0: 'Erdos625.randomGraphMeasure_chromaticNumberAtMost_phaseCap_tendsto_zero_of_normalized_log_dual' depends on axioms: [propext,
 Classical.choice,
 Quot.sound]
info: Erdos625/ColoringProfileDualLogReduction.lean:229:0: 'Erdos625.factorialLogErrorBound_div_logOrder_tendsto_one' depends on axioms: [propext, Classical.choice, Quot.sound]
info: Erdos625/ColoringProfileDualLogReduction.lean:230:0: 'Erdos625.randomGraphMeasure_chromaticNumberAtMost_phaseCap_tendsto_zero_of_normalized_core' depends on axioms: [propext,
 Classical.choice,
 Quot.sound]
info: Erdos625/ColoringProfileDualLogReduction.lean:231:0: 'Erdos625.randomGraphMeasure_chromaticNumberAtMost_phaseCap_tendsto_zero_of_phaseObjective' depends on axioms: [propext,
 Classical.choice,
 Quot.sound]
ℹ [8811/9038] Built Erdos625.Section6SignedJointMass (24s)
info: Erdos625/Section6SignedJointMass.lean:579:0: 'Erdos625.signedProfileWitnessEvent_eq_mixedEdgePrescriptionEvent' depends on axioms: [propext,
 Classical.choice,
 Quot.sound]
info: Erdos625/Section6SignedJointMass.lean:580:0: 'Erdos625.signedProfilePair_prescriptions_disjoint_iff_compatible' depends on axioms: [propext,
 Classical.choice,
 Quot.sound]
info: Erdos625/Section6SignedJointMass.lean:581:0: 'Erdos625.signedProfilePairEvent_eq_empty_of_incompatible' depends on axioms: [propext, Classical.choice, Quot.sound]
info: Erdos625/Section6SignedJointMass.lean:582:0: 'Erdos625.signedProfilePair_prescribedEdgeCount_add_overlap' depends on axioms: [propext, Classical.choice, Quot.sound]
info: Erdos625/Section6SignedJointMass.lean:583:0: 'Erdos625.randomGraphMeasure_signedProfilePairEvent_of_compatible' depends on axioms: [propext,
 Classical.choice,
 Quot.sound]
info: Erdos625/Section6SignedJointMass.lean:584:0: 'Erdos625.signedProfilePairMassSum_eq_compatibleCard_mul' depends on axioms: [propext, Classical.choice, Quot.sound]
info: Erdos625/Section6SignedJointMass.lean:585:0: 'Erdos625.signedProfilePairMassSum_mul_two_pow_forbiddenEdges' depends on axioms: [propext,
 Classical.choice,
 Quot.sound]
✔ [8812/9038] Built Erdos625.ColoringProfilePhaseDerivative (18s)
✔ [8813/9038] Built Erdos625.ColoringProfilePhaseDerivativeLogPartitionEnvelope (18s)
✔ [8814/9038] Built Erdos625.ColoringProfileDeficitPointwiseConvergence (18s)
✔ [8815/9038] Built Erdos625.ColoringProfilePhaseRootCenter (19s)
ℹ [8816/9038] Built Erdos625.Section9MarkedCycleEnumeration (20s)
info: Erdos625/Section9MarkedCycleEnumeration.lean:464:0: 'Erdos625.decode_chosenMarkedCycleTraversal' depends on axioms: [propext, Classical.choice, Quot.sound]
info: Erdos625/Section9MarkedCycleEnumeration.lean:465:0: 'Erdos625.chosenMarkedCycleTraversal_injective' depends on axioms: [propext, Classical.choice, Quot.sound]
info: Erdos625/Section9MarkedCycleEnumeration.lean:466:0: 'Erdos625.chosenMarkedCycleTraversal_weight_eq' depends on axioms: [propext, Classical.choice, Quot.sound]
info: Erdos625/Section9MarkedCycleEnumeration.lean:467:0: 'Erdos625.sum_markedCycleTraversalCode_weight_eq_endpointMass' depends on axioms: [propext,
 Classical.choice,
 Quot.sound]
info: Erdos625/Section9MarkedCycleEnumeration.lean:468:0: 'Erdos625.sum_markedCycleTraversalCode_weight_le_walkMass' depends on axioms: [propext, Classical.choice, Quot.sound]
info: Erdos625/Section9MarkedCycleEnumeration.lean:469:0: 'Erdos625.sum_markedCycleTraversalCode_weight_eq_endpointMass_finset' depends on axioms: [propext,
 Classical.choice,
 Quot.sound]
info: Erdos625/Section9MarkedCycleEnumeration.lean:470:0: 'Erdos625.sum_markedCycleTraversalCode_weight_le_walkMass_finset' depends on axioms: [propext,
 Classical.choice,
 Quot.sound]
info: Erdos625/Section9MarkedCycleEnumeration.lean:471:0: 'Erdos625.sum_mixedSimpleCycle_weight_le_markedTraversalCode' depends on axioms: [propext, Classical.choice, Quot.sound]
info: Erdos625/Section9MarkedCycleEnumeration.lean:472:0: 'Erdos625.sum_mixedSimpleCycle_weight_le_nested_walkMass' depends on axioms: [propext, Classical.choice, Quot.sound]
ℹ [8817/9038] Built Erdos625.Section9FixedFEvenAggregation (21s)
info: Erdos625/Section9FixedFEvenAggregation.lean:87:0: 'Erdos625.residualCappedEvenFixedFSum_le_lambdaProduct_mul_evenWeightSum' depends on axioms: [propext,
 Classical.choice,
 Quot.sound]
info: Erdos625/Section9FixedFEvenAggregation.lean:88:0: 'Erdos625.residualCappedEvenFixedFSum_le_lambdaProduct_mul_polymerProduct' depends on axioms: [propext,
 Classical.choice,
 Quot.sound]
✔ [8818/9038] Built Erdos625.PartialDiagonalFourDeficitRateBridge (21s)
ℹ [8819/9038] Built Erdos625.Section8ResidualEventProbabilityNormalization (33s)
info: Erdos625/Section8ResidualEventProbabilityNormalization.lean:47:0: 'Erdos625.uniformConfigurationMatching_canonicalResidualCellEvent_apply' depends on axioms: [propext,
 Classical.choice,
 Quot.sound]
ℹ [8820/9038] Built Erdos625.Section8CanonicalEventProbabilityNormalization (31s)
info: Erdos625/Section8CanonicalEventProbabilityNormalization.lean:46:0: 'Erdos625.uniformConfigurationMatching_canonicalDemandEvent_apply' depends on axioms: [propext,
 Classical.choice,
 Quot.sound]
ℹ [8821/9038] Built Erdos625.Section8ResidualEventToSection9 (31s)
info: Erdos625/Section8ResidualEventToSection9.lean:67:0: 'Erdos625.canonicalResidualCellEvent_eq_residualCapNoReturnEvent' depends on axioms: [propext,
 Classical.choice,
 Quot.sound]
info: Erdos625/Section8ResidualEventToSection9.lean:68:0: 'Erdos625.mem_fixedWitnessCanonicalDemandEvent_iff_residualCapNoReturn' depends on axioms: [propext,
 Classical.choice,
 Quot.sound]
ℹ [8822/9038] Built Erdos625.Section8CanonicalDemandPartition (31s)
info: Erdos625/Section8CanonicalDemandPartition.lean:69:0: 'Erdos625.configurationMatchingEquivSigmaCanonicalDemandEvent' depends on axioms: [propext,
 Classical.choice,
 Quot.sound]
info: Erdos625/Section8CanonicalDemandPartition.lean:70:0: 'Erdos625.card_configurationMatching_eq_sum_card_canonicalDemandEvent' depends on axioms: [propext,
 Classical.choice,
 Quot.sound]
ℹ [8823/9038] Built Erdos625.Section8CanonicalEventCharacterization (32s)
info: Erdos625/Section8CanonicalEventCharacterization.lean:28:0: 'Erdos625.mem_canonicalDemandEvent_iff_exact_support_and_capped_off' depends on axioms: [propext,
 Classical.choice,
 Quot.sound]
✔ [8824/9038] Built Erdos625.FourDeficitGaussianBound (15s)
ℹ [8825/9038] Built Erdos625.FourGaussianTiltCorridor (18s)
info: Erdos625/FourGaussianTiltCorridor.lean:33:2: Try this:
  [apply] ring_nf
  
  The `ring` tactic failed to close the goal. Use `ring_nf` to obtain a normal form.
    
  Note that `ring` works primarily in *commutative* rings. If you have a noncommutative ring, abelian group or module, consider using `noncomm_ring`, `abel` or `module` instead.
info: Erdos625/FourGaussianTiltCorridor.lean:36:2: Try this:
  [apply] ring_nf
  
  The `ring` tactic failed to close the goal. Use `ring_nf` to obtain a normal form.
    
  Note that `ring` works primarily in *commutative* rings. If you have a noncommutative ring, abelian group or module, consider using `noncomm_ring`, `abel` or `module` instead.
info: Erdos625/FourGaussianTiltCorridor.lean:42:2: Try this:
  [apply] ring_nf
  
  The `ring` tactic failed to close the goal. Use `ring_nf` to obtain a normal form.
    
  Note that `ring` works primarily in *commutative* rings. If you have a noncommutative ring, abelian group or module, consider using `noncomm_ring`, `abel` or `module` instead.
info: Erdos625/FourGaussianTiltCorridor.lean:124:0: 'Erdos625.uniform_four_size_tilt_corridor' depends on axioms: [propext, Classical.choice, Quot.sound]
info: Erdos625/FourGaussianTiltCorridor.lean:125:0: 'Erdos625.uniform_four_size_tilt_corridor_for_delta' depends on axioms: [propext, Classical.choice, Quot.sound]
ℹ [8826/9038] Built Erdos625.SignedFourSizeObjective (16s)
info: Erdos625/SignedFourSizeObjective.lean:360:0: 'Erdos625.profileDeficitResidualScore_fourDeficitCoordinate' depends on axioms: [propext, Classical.choice, Quot.sound]
info: Erdos625/SignedFourSizeObjective.lean:361:0: 'Erdos625.profileDeficit_fourDeficitCoordinate' depends on axioms: [propext, Classical.choice, Quot.sound]
info: Erdos625/SignedFourSizeObjective.lean:362:0: 'Erdos625.signedFourDeficitProfileExpectation_eq' depends on axioms: [propext, Classical.choice, Quot.sound]
info: Erdos625/SignedFourSizeObjective.lean:363:0: 'Erdos625.fourSizeFiniteEntropy_eq_gibbs' depends on axioms: [propext, Classical.choice, Quot.sound]
info: Erdos625/SignedFourSizeObjective.lean:364:0: 'Erdos625.signedFourSizeObjectiveAtTarget_eq_gibbs' depends on axioms: [propext, Classical.choice, Quot.sound]
info: Erdos625/SignedFourSizeObjective.lean:365:0: 'Erdos625.hasDerivAt_fourSizeTilt' depends on axioms: [propext, Classical.choice, Quot.sound]
info: Erdos625/SignedFourSizeObjective.lean:366:0: 'Erdos625.hasDerivAt_fourSizeFiniteEntropy' depends on axioms: [propext, Classical.choice, Quot.sound]
info: Erdos625/SignedFourSizeObjective.lean:367:0: 'Erdos625.hasDerivAt_fourSizeTarget' depends on axioms: [propext, Classical.choice, Quot.sound]
info: Erdos625/SignedFourSizeObjective.lean:368:0: 'Erdos625.hasDerivAt_signedFourSizeObjective' depends on axioms: [propext, Classical.choice, Quot.sound]
info: Erdos625/SignedFourSizeObjective.lean:369:0: 'Erdos625.continuousAt_signedFourSizeObjective' depends on axioms: [propext, Classical.choice, Quot.sound]
info: Erdos625/SignedFourSizeObjective.lean:370:0: 'Erdos625.hasDerivAt_phaseSignedFourSizeObjective' depends on axioms: [propext, Classical.choice, Quot.sound]
info: Erdos625/SignedFourSizeObjective.lean:371:0: 'Erdos625.continuousAt_phaseSignedFourSizeObjective' depends on axioms: [propext, Classical.choice, Quot.sound]
✔ [8827/9038] Built Erdos625.FullCornerFixedDeficitMoment (17s)
ℹ [8828/9038] Built Erdos625.ColoringProfilePhaseEnvelopeTail (16s)
info: Erdos625/ColoringProfilePhaseEnvelopeTail.lean:51:0: 'Erdos625.chromaticAtMost_tendsto_zero_of_phaseEnvelope_atBot' depends on axioms: [propext,
 Classical.choice,
 Quot.sound]
✔ [8829/9038] Built Erdos625.PhaseRootCenterOpenCorridor (17s)
✔ [8830/9038] Built Erdos625.PhaseRootPartGeometry (17s)
ℹ [8831/9038] Built Erdos625.Section9CycleWeightSplit (16s)
info: Erdos625/Section9CycleWeightSplit.lean:60:0: 'Erdos625.sum_simpleBipartiteCycles_edgeWeight_split' depends on axioms: [propext, Classical.choice, Quot.sound]
ℹ [8832/9038] Built Erdos625.Section9MixedCycleWeightedEnumeration (16s)
info: Erdos625/Section9MixedCycleWeightedEnumeration.lean:76:0: 'Erdos625.mixedSimpleCycle_weighted_walk_enumeration' depends on axioms: [propext, Classical.choice, Quot.sound]
ℹ [8833/9038] Built Erdos625.Section6SignedSecondMomentIdentity (29s)
info: Erdos625/Section6SignedSecondMomentIdentity.lean:800:0: 'Erdos625.signedProfileSecondMoment_eq_signedProfilePairMassTotal' depends on axioms: [propext,
 Classical.choice,
 Quot.sound]
info: Erdos625/Section6SignedSecondMomentIdentity.lean:801:0: 'Erdos625.signedProfileSecondMoment_mul_two_pow_forbiddenEdges' depends on axioms: [propext,
 Classical.choice,
 Quot.sound]
info: Erdos625/Section6SignedSecondMomentIdentity.lean:802:0: 'Erdos625.card_orderedProfilePartition_eq_sum_profileOverlapTableFibreCard' depends on axioms: [propext,
 Classical.choice,
 Quot.sound]
info: Erdos625/Section6SignedSecondMomentIdentity.lean:803:0: 'Erdos625.sum_profileOverlapTableProbabilityENNReal_eq_one' depends on axioms: [propext, Classical.choice, Quot.sound]
info: Erdos625/Section6SignedSecondMomentIdentity.lean:804:0: 'Erdos625.orderedSignedOverlapRewardAverage_eq_tableSum' depends on axioms: [propext, Classical.choice, Quot.sound]
info: Erdos625/Section6SignedSecondMomentIdentity.lean:805:0: 'Erdos625.signedProfileSecondMomentTableSumENNReal_eq_numerator_div' depends on axioms: [propext,
 Classical.choice,
 Quot.sound]
info: Erdos625/Section6SignedSecondMomentIdentity.lean:806:0: 'Erdos625.orderedProfilePartition_card_mul_tableSumENNReal' depends on axioms: [propext, Classical.choice, Quot.sound]
info: Erdos625/Section6SignedSecondMomentIdentity.lean:807:0: 'Erdos625.normalizedSignedProfileSecondMoment_eq_tableSum_of_bridge' depends on axioms: [propext,
 Classical.choice,
 Quot.sound]
info: Erdos625/Section6SignedSecondMomentIdentity.lean:808:0: 'Erdos625.signedOverlapReward_orderedPair_eq_kernelPair' depends on axioms: [propext, Classical.choice, Quot.sound]
info: Erdos625/Section6SignedSecondMomentIdentity.lean:809:0: 'Erdos625.orderedSignedOverlapRewardSum_eq_labelMultiplier_sq_mul_unordered' depends on axioms: [propext,
 Classical.choice,
 Quot.sound]
info: Erdos625/Section6SignedSecondMomentIdentity.lean:810:0: 'Erdos625.signedOverlapQuotientBridge' depends on axioms: [propext, Classical.choice, Quot.sound]
info: Erdos625/Section6SignedSecondMomentIdentity.lean:811:0: 'Erdos625.normalizedSignedProfileSecondMoment_eq_tableSum' depends on axioms: [propext, Classical.choice, Quot.sound]
info: Erdos625/Section6SignedSecondMomentIdentity.lean:812:0: 'Erdos625.normalizedSignedProfileSecondMoment_eq_profileOverlapTableSum' depends on axioms: [propext,
 Classical.choice,
 Quot.sound]
ℹ [8834/9038] Built Erdos625.Section9FixedFFubiniBridge (18s)
info: Erdos625/Section9FixedFFubiniBridge.lean:133:0: 'Erdos625.mem_actualResidualEvenEdgeSets_iff_actualResidualEvenEdgeFamilyPredicate' depends on axioms: [propext,
 Classical.choice,
 Quot.sound]
info: Erdos625/Section9FixedFFubiniBridge.lean:134:0: 'Erdos625.sum_fixedF_thresholdIndicator_eq_card_actualResidualEvenEdgeSets' depends on axioms: [propext,
 Classical.choice,
 Quot.sound]
info: Erdos625/Section9FixedFFubiniBridge.lean:135:0: 'Erdos625.residualActualAttachmentNumerator_eq_residualCappedEvenFixedFSum' depends on axioms: [propext,
 Classical.choice,
 Quot.sound]
✔ [8835/9038] Built Erdos625.ColoringProfileDeficitMomentConvergence (30s)
✔ [8836/9038] Built Erdos625.Section9PositiveSupportMassBound (29s)
✔ [8837/9038] Built Erdos625.Section8EndpointFoundation (18s)
ℹ [8838/9038] Built Erdos625.MidpointProfileCoordinates (18s)
info: Erdos625/MidpointProfileCoordinates.lean:126:0: 'Erdos625.fourDeficitEmbedding_eval_and_off_image' depends on axioms: [propext, Classical.choice, Quot.sound]
ℹ [8839/9038] Built Erdos625.Section8CanonicalDemandMixture (30s)
info: Erdos625/Section8CanonicalDemandMixture.lean:91:0: 'Erdos625.sum_uniformConfigurationMatching_canonicalDemandEvent_eq_one' depends on axioms: [propext,
 Classical.choice,
 Quot.sound]
✔ [8840/9038] Built Erdos625.ExplicitPartitionRatio (20s)
ℹ [8841/9038] Built Erdos625.Section8CanonicalEventCardinality (29s)
info: Erdos625/Section8CanonicalEventCardinality.lean:235:0: 'Erdos625.card_canonicalDemandEvent_eq_witness_mul_residual' depends on axioms: [propext, Classical.choice, Quot.sound]
✔ [8842/9038] Built Erdos625.PhaseSignedFourSizeDerivativeRewrite (15s)
✔ [8843/9038] Built Erdos625.PhaseSignedFourSizeRootCorridor (30s)
ℹ [8844/9038] Built Erdos625.ColoringProfileCubicPhaseTail (16s)
info: Erdos625/ColoringProfileCubicPhaseTail.lean:95:0: 'Erdos625.factorialLogErrorBound_div_logOrder_cubed_tendsto_zero' depends on axioms: [propext,
 Classical.choice,
 Quot.sound]
info: Erdos625/ColoringProfileCubicPhaseTail.lean:96:0: 'Erdos625.randomGraphMeasure_chromaticNumberAtMost_tendsto_zero_of_cubic_phase' depends on axioms: [propext,
 Classical.choice,
 Quot.sound]
ℹ [8845/9038] Built Erdos625.UniformExplicitPartitionRatio (36s)
info: Erdos625/UniformExplicitPartitionRatio.lean:62:12: Try this:
  [apply] ring_nf
  
  The `ring` tactic failed to close the goal. Use `ring_nf` to obtain a normal form.
    
  Note that `ring` works primarily in *commutative* rings. If you have a noncommutative ring, abelian group or module, consider using `noncomm_ring`, `abel` or `module` instead.
info: Erdos625/UniformExplicitPartitionRatio.lean:269:6: Try this:
  [apply] ring_nf
  
  The `ring` tactic failed to close the goal. Use `ring_nf` to obtain a normal form.
    
  Note that `ring` works primarily in *commutative* rings. If you have a noncommutative ring, abelian group or module, consider using `noncomm_ring`, `abel` or `module` instead.
info: Erdos625/UniformExplicitPartitionRatio.lean:274:6: Try this:
  [apply] ring_nf
  
  The `ring` tactic failed to close the goal. Use `ring_nf` to obtain a normal form.
    
  Note that `ring` works primarily in *commutative* rings. If you have a noncommutative ring, abelian group or module, consider using `noncomm_ring`, `abel` or `module` instead.
info: Erdos625/UniformExplicitPartitionRatio.lean:338:0: 'Erdos625.uniform_four_size_partition_ratio' depends on axioms: [propext, Classical.choice, Quot.sound]
info: Erdos625/UniformExplicitPartitionRatio.lean:339:0: 'Erdos625.uniform_four_size_partition_ratio_for_delta' depends on axioms: [propext, Classical.choice, Quot.sound]
✔ [8846/9038] Built Erdos625.PhaseRootDisplacementScale (15s)
ℹ [8847/9038] Built Erdos625.Section9ResidualQMixedCycleEnumeration (14s)
info: Erdos625/Section9ResidualQMixedCycleEnumeration.lean:67:0: 'Erdos625.existsAbsoluteResidualQMixedCycleWeightedEnumeration' depends on axioms: [propext,
 Classical.choice,
 Quot.sound]
ℹ [8848/9038] Built Erdos625.Section6SignedPaleyZygmundSeed (14s)
info: Erdos625/Section6SignedPaleyZygmundSeed.lean:120:0: 'Erdos625.lintegral_signedProfileCount_eq_signedProfileExpectation' depends on axioms: [propext,
 Classical.choice,
 Quot.sound]
info: Erdos625/Section6SignedPaleyZygmundSeed.lean:121:0: 'Erdos625.lintegral_signedProfileCount_sq_eq_signedProfileSecondMoment' depends on axioms: [propext,
 Classical.choice,
 Quot.sound]
info: Erdos625/Section6SignedPaleyZygmundSeed.lean:122:0: 'Erdos625.signedProfile_real_seed_of_tableSum_bound' depends on axioms: [propext, Classical.choice, Quot.sound]
✔ [8849/9038] Built Erdos625.PhaseRootUnitCorridorDomain (25s)
ℹ [8850/9038] Built Erdos625.Section9ActualResidualCycleRankAssembly (14s)
info: Erdos625/Section9ActualResidualCycleRankAssembly.lean:118:0: 'Erdos625.actualResidualEvenEdgeSetsEquivActualResidualEvenEdgeFamily' depends on axioms: [propext,
 Classical.choice,
 Quot.sound]
info: Erdos625/Section9ActualResidualCycleRankAssembly.lean:119:0: 'Erdos625.card_actualResidualEvenEdgeSets_eq_two_pow_cycleRank' depends on axioms: [propext,
 Classical.choice,
 Quot.sound]
info: Erdos625/Section9ActualResidualCycleRankAssembly.lean:120:0: 'Erdos625.coe_card_actualResidualEvenEdgeSets_eq_two_pow_cycleRank' depends on axioms: [propext,
 Classical.choice,
 Quot.sound]
info: Erdos625/Section9ActualResidualCycleRankAssembly.lean:121:0: 'Erdos625.residualCycleRankExpectation' depends on axioms: [propext, Classical.choice, Quot.sound]
info: Erdos625/Section9ActualResidualCycleRankAssembly.lean:122:0: 'Erdos625.residualActualAttachmentNumerator_eq_cycleRankExpectation' depends on axioms: [propext,
 Classical.choice,
 Quot.sound]
ℹ [8851/9038] Built Erdos625.Section9ZeroResidualActualAttachment (15s)
info: Erdos625/Section9ZeroResidualActualAttachment.lean:76:0: 'Erdos625.residualActualAttachmentNumerator_empty_eq_one_of_total_zero' depends on axioms: [propext,
 Classical.choice,
 Quot.sound]
ℹ [8852/9038] Built Erdos625.Section9ActualAttachmentPolymerBridge (14s)
info: Erdos625/Section9ActualAttachmentPolymerBridge.lean:62:0: 'Erdos625.residualActualAttachmentNumerator_le_lambdaProduct_mul_evenWeightSum' depends on axioms: [propext,
 Classical.choice,
 Quot.sound]
info: Erdos625/Section9ActualAttachmentPolymerBridge.lean:63:0: 'Erdos625.residualActualAttachmentNumerator_le_lambdaProduct_mul_polymerProduct' depends on axioms: [propext,
 Classical.choice,
 Quot.sound]
✔ [8853/9038] Built Erdos625.Section9AttachmentExpectationBound (15s)
✔ [8854/9038] Built Erdos625.Section8EndpointSingleCellStubs (17s)
✔ [8855/9038] Built Erdos625.Section8EndpointBlockPairings (17s)
✔ [8856/9038] Built Erdos625.Section8EndpointGlobalTransport (21s)
✔ [8857/9038] Built Erdos625.ColoringProfileDeficitUniformMomentConvergence (30s)
✔ [8858/9038] Built Erdos625.ColoringProfileDeficitTilt (30s)
✔ [8859/9038] Built Erdos625.Section8EndpointCanonicalHigh (22s)
✔ [8860/9038] Built Erdos625.Section8EndpointMassFacts (21s)
✔ [8861/9038] Built Erdos625.Section8EndpointMatchingFeasibility (26s)
✔ [8862/9038] Built Erdos625.Section8EndpointProfileIndexing (13s)
ℹ [8863/9038] Built Erdos625.SignedFourEntropyCertificate (13s)
info: Erdos625/SignedFourEntropyCertificate.lean:180:0: 'Erdos625.q_sub_log_153_div_100_eq_log_200_div_153' depends on axioms: [propext, Classical.choice, Quot.sound]
info: Erdos625/SignedFourEntropyCertificate.lean:181:0: 'Erdos625.log_200_div_153_pos' depends on axioms: [propext, Classical.choice, Quot.sound]
info: Erdos625/SignedFourEntropyCertificate.lean:182:0: 'Erdos625.signed_margin_gt_log_200_div_153_of_entropy_loss_lt' depends on axioms: [propext,
 Classical.choice,
 Quot.sound]
info: Erdos625/SignedFourEntropyCertificate.lean:183:0: 'Erdos625.fourGaussianEntropy_eq_dual_at_mean' depends on axioms: [propext, Classical.choice, Quot.sound]
info: Erdos625/SignedFourEntropyCertificate.lean:184:0: 'Erdos625.entropy_loss_le_log_partition_ratio' depends on axioms: [propext, Classical.choice, Quot.sound]
info: Erdos625/SignedFourEntropyCertificate.lean:185:0: 'Erdos625.entropy_loss_lt_log_153_div_100_of_dual_ratio' depends on axioms: [propext, Classical.choice, Quot.sound]
info: Erdos625/SignedFourEntropyCertificate.lean:186:0: 'Erdos625.signed_margin_gt_log_200_div_153_of_dual_ratio' depends on axioms: [propext, Classical.choice, Quot.sound]
ℹ [8864/9038] Built Erdos625.PhaseSignedFourSizeDerivativeLowerEnvelope (17s)
info: Erdos625/PhaseSignedFourSizeDerivativeLowerEnvelope.lean:40:0: 'Erdos625.signedFourSizeObjectiveDerivative_quadratic_lower_envelope' depends on axioms: [propext,
 Classical.choice,
 Quot.sound]
✔ [8865/9038] Built Erdos625.MidpointProfileRounding (27s)
ℹ [8866/9038] Built Erdos625.Section9SmallResidualAttachmentBound (18s)
info: Erdos625/Section9SmallResidualAttachmentBound.lean:81:0: 'Erdos625.residualActualAttachmentNumerator_le_two_pow_of_small_mass' depends on axioms: [propext,
 Classical.choice,
 Quot.sound]
ℹ [8867/9038] Built Erdos625.Section9CanonicalDemandProductEstimate (21s)
info: Erdos625/Section9CanonicalDemandProductEstimate.lean:210:0: 'Erdos625.residualProductExponentMajorant_ne_top' depends on axioms: [propext, Classical.choice, Quot.sound]
info: Erdos625/Section9CanonicalDemandProductEstimate.lean:211:0: 'Erdos625.lambda_cycle_products_le_exp_of_sum_bounds' depends on axioms: [propext, Classical.choice, Quot.sound]
info: Erdos625/Section9CanonicalDemandProductEstimate.lean:212:0: 'Erdos625.simpleCycle_sum_le_of_residual_mixed_bounds' depends on axioms: [propext, Classical.choice, Quot.sound]
info: Erdos625/Section9CanonicalDemandProductEstimate.lean:213:0: 'Erdos625.exists_absolute_residual_product_exponential_majorant' depends on axioms: [propext,
 Classical.choice,
 Quot.sound]
ℹ [8868/9038] Built Erdos625.Section8CanonicalEventProbabilityFactorization (30s)
info: Erdos625/Section8CanonicalEventProbabilityFactorization.lean:162:0: 'Erdos625.uniformConfigurationMatching_canonicalDemandEvent_eq_incidence_mul_residual' depends on axioms: [propext,
 Classical.choice,
 Quot.sound]
info: Erdos625/Section8CanonicalEventProbabilityFactorization.lean:163:0: 'Erdos625.uniformConfigurationMatching_fixedWitnessCanonicalDemandEvent_eq_residualFactor' depends on axioms: [propext,
 Classical.choice,
 Quot.sound]
ℹ [8869/9038] Built Erdos625.Section8CanonicalConditionalLaw (30s)
info: Erdos625/Section8CanonicalConditionalLaw.lean:224:0: 'Erdos625.nonempty_sigmaCanonicalResidual_of_nonempty_canonicalDemandEvent' depends on axioms: [propext,
 Classical.choice,
 Quot.sound]
info: Erdos625/Section8CanonicalConditionalLaw.lean:225:0: 'Erdos625.uniform_canonicalDemandEventSubtype_map_sigmaResidual' depends on axioms: [propext,
 Classical.choice,
 Quot.sound]
info: Erdos625/Section8CanonicalConditionalLaw.lean:226:0: 'Erdos625.uniform_filter_canonicalDemandEvent_eq_uniformSigmaResidual_reconstruction' depends on axioms: [propext,
 Classical.choice,
 Quot.sound]
info: Erdos625/Section8CanonicalConditionalLaw.lean:227:0: 'Erdos625.sigmaCanonicalResidualEquivWitnessTimesResidual' depends on axioms: [propext, Classical.choice, Quot.sound]
info: Erdos625/Section8CanonicalConditionalLaw.lean:228:0: 'Erdos625.canonicalDemandEventEquivWitnessTimesResidual' depends on axioms: [propext, Classical.choice, Quot.sound]
info: Erdos625/Section8CanonicalConditionalLaw.lean:229:0: 'Erdos625.nonempty_canonicalResidualCellEvent_of_nonempty_canonicalDemandEvent' depends on axioms: [propext,
 Classical.choice,
 Quot.sound]
info: Erdos625/Section8CanonicalConditionalLaw.lean:230:0: 'Erdos625.uniform_canonicalDemandEventSubtype_map_witnessTimesResidual' depends on axioms: [propext,
 Classical.choice,
 Quot.sound]
info: Erdos625/Section8CanonicalConditionalLaw.lean:231:0: 'Erdos625.uniform_canonicalDemandEventSubtype_map_fixedResidual' depends on axioms: [propext,
 Classical.choice,
 Quot.sound]
ℹ [8870/9038] Built Erdos625.Section8CanonicalDemandGlobalResidual (30s)
info: Erdos625/Section8CanonicalDemandGlobalResidual.lean:269:0: 'Erdos625.canonicalDemandOfMatching_high_of_ne_zero' depends on axioms: [propext, Classical.choice, Quot.sound]
info: Erdos625/Section8CanonicalDemandGlobalResidual.lean:270:0: 'Erdos625.nonempty_canonicalDemandEvent_of_canonicalDemandImage' depends on axioms: [propext,
 Classical.choice,
 Quot.sound]
info: Erdos625/Section8CanonicalDemandGlobalResidual.lean:271:0: 'Erdos625.canonicalDemandImage_high' depends on axioms: [propext, Classical.choice, Quot.sound]
info: Erdos625/Section8CanonicalDemandGlobalResidual.lean:272:0: 'Erdos625.configurationMatchingEquivSigmaCanonicalDemandResidual' depends on axioms: [propext,
 Classical.choice,
 Quot.sound]
info: Erdos625/Section8CanonicalDemandGlobalResidual.lean:273:0: 'Erdos625.uniformSigmaCanonicalDemandResidual' depends on axioms: [propext, Classical.choice, Quot.sound]
info: Erdos625/Section8CanonicalDemandGlobalResidual.lean:274:0: 'Erdos625.uniformConfigurationMatching_map_sigmaCanonicalDemandResidual' depends on axioms: [propext,
 Classical.choice,
 Quot.sound]
info: Erdos625/Section8CanonicalDemandGlobalResidual.lean:275:0: 'Erdos625.uniformConfigurationMatching_map_canonicalDemand_apply' depends on axioms: [propext,
 Classical.choice,
 Quot.sound]
info: Erdos625/Section8CanonicalDemandGlobalResidual.lean:276:0: 'Erdos625.card_sigmaCanonicalDemandResidual_fiber_eq_witness_mul_residual' depends on axioms: [propext,
 Classical.choice,
 Quot.sound]
info: Erdos625/Section8CanonicalDemandGlobalResidual.lean:277:0: 'Erdos625.uniformConfigurationMatching_map_canonicalDemand_apply_eq_witness_mul_residual_card' depends on axioms: [propext,
 Classical.choice,
 Quot.sound]
✔ [8871/9038] Built Erdos625.PhaseSignedFourSizeGapCorridorDomain (27s)
ℹ [8872/9038] Built Erdos625.Section8EndpointAllHighDecoration (19s)
info: Erdos625/Section8EndpointAllHighDecoration.lean:228:0: 'Erdos625.fourEndpointOverlapSize_le_largest' depends on axioms: [propext, Classical.choice, Quot.sound]
info: Erdos625/Section8EndpointAllHighDecoration.lean:229:0: 'Erdos625.fourEndpointOverlapSize_above_half_largest' depends on axioms: [propext, Classical.choice, Quot.sound]
info: Erdos625/Section8EndpointAllHighDecoration.lean:230:0: 'Erdos625.sum_fourEndpointAllHighChoiceWeight_eq_product' depends on axioms: [propext, Classical.choice, Quot.sound]
info: Erdos625/Section8EndpointAllHighDecoration.lean:231:0: 'Erdos625.sum_fourEndpointAllHighChoiceWeight_le_uniform' depends on axioms: [propext, Classical.choice, Quot.sound]
info: Erdos625/Section8EndpointAllHighDecoration.lean:232:0: 'Erdos625.allHighCellBase_le_fourEndpointAllHighRho' depends on axioms: [propext, Classical.choice, Quot.sound]
info: Erdos625/Section8EndpointAllHighDecoration.lean:233:0: 'Erdos625.sum_fourEndpointAllHighChoiceWeight_le_rho' depends on axioms: [propext, Classical.choice, Quot.sound]
✔ [8873/9038] Built Erdos625.ColoringProfileDeficitUniformMeanConvergence (26s)
✔ [8874/9038] Built Erdos625.Section8EndpointDecoratedBlockPairings (19s)
ℹ [8875/9038] Built Erdos625.ColoringProfilePhaseCenteredEnvelope (30s)
info: Erdos625/ColoringProfilePhaseCenteredEnvelope.lean:110:0: 'Erdos625.profilePhaseObjective_eq_deficitCentered' depends on axioms: [propext, Classical.choice, Quot.sound]
info: Erdos625/ColoringProfilePhaseCenteredEnvelope.lean:111:0: 'Erdos625.phaseEnvelope_atBot_of_eventually_le_neg_cubic' depends on axioms: [propext, Classical.choice, Quot.sound]
info: Erdos625/ColoringProfilePhaseCenteredEnvelope.lean:112:0: 'Erdos625.randomGraphMeasure_chromaticNumberAtMost_tendsto_zero_of_eventually_le_neg_cubic' depends on axioms: [propext,
 Classical.choice,
 Quot.sound]
✔ [8876/9038] Built Erdos625.PhaseRootFiniteCommon (31s)
✔ [8877/9038] Built Erdos625.Section8EndpointLocalCellFactor (20s)
✔ [8878/9038] Built Erdos625.DerivativeCoordinateRewrite (31s)
✔ [8879/9038] Built Erdos625.DeficitTargetDomain (31s)
✔ [8880/9038] Built Erdos625.ColoringProfilePhaseObjectiveDeficitDecomposition (31s)
ℹ [8881/9038] Built Erdos625.PhaseSignedFourSizeEntropyLower (16s)
info: Erdos625/PhaseSignedFourSizeEntropyLower.lean:95:0: 'Erdos625.fourGaussian_optimizedValue_ge_neg_twenty_five_q_div_two' depends on axioms: [propext,
 Classical.choice,
 Quot.sound]
info: Erdos625/PhaseSignedFourSizeEntropyLower.lean:96:0: 'Erdos625.eventually_fourSizeFiniteEntropy_ge_neg_twenty_five_q_div_two_sub_one' depends on axioms: [propext,
 Classical.choice,
 Quot.sound]
ℹ [8882/9038] Built Erdos625.ExtendedGaussianEntropyTransport (30s)
info: Erdos625/ExtendedGaussianEntropyTransport.lean:229:0: 'Erdos625.tendsto_extendedGaussianReferenceMassTruncation' depends on axioms: [propext, Classical.choice, Quot.sound]
info: Erdos625/ExtendedGaussianEntropyTransport.lean:230:0: 'Erdos625.extendedGaussianEntropy_le_dual_of_truncations' depends on axioms: [propext, Classical.choice, Quot.sound]
info: Erdos625/ExtendedGaussianEntropyTransport.lean:231:0: 'Erdos625.extendedGaussianEntropy_le_dual_of_truncations_q' depends on axioms: [propext, Classical.choice, Quot.sound]
info: Erdos625/ExtendedGaussianEntropyTransport.lean:232:0: 'Erdos625.signed_margin_gt_log_200_div_153_of_truncations' depends on axioms: [propext, Classical.choice, Quot.sound]
info: Erdos625/ExtendedGaussianEntropyTransport.lean:233:0: 'Erdos625.signed_margin_gt_log_200_div_153_of_truncations_selected' depends on axioms: [propext,
 Classical.choice,
 Quot.sound]
ℹ [8883/9038] Built Erdos625.Section9LargeResidualEnvelope (21s)
info: Erdos625/Section9LargeResidualEnvelope.lean:145:0: 'Erdos625.residual_geometric_denominators_le' depends on axioms: [propext, Classical.choice, Quot.sound]
info: Erdos625/Section9LargeResidualEnvelope.lean:146:0: 'Erdos625.residualProductExponentMajorant_le_largeResidualEnvelope' depends on axioms: [propext,
 Classical.choice,
 Quot.sound]
✔ [8884/9038] Built Erdos625.MidpointProfileRoundingIntDisplacement (30s)
✔ [8885/9038] Built Erdos625.MidpointProfileRoundingCast (32s)
ℹ [8886/9038] Built Erdos625.Section9GlobalCanonicalResidualBridge (33s)
info: Erdos625/Section9GlobalCanonicalResidualBridge.lean:132:0: 'Erdos625.sigmaCanonicalDemandResidual_mem_residualCapNoReturn' depends on axioms: [propext,
 Classical.choice,
 Quot.sound]
info: Erdos625/Section9GlobalCanonicalResidualBridge.lean:133:0: 'Erdos625.sigmaCanonicalDemandResidualEquivSigmaCapNoReturn' depends on axioms: [propext, Classical.choice, Quot.sound]
info: Erdos625/Section9GlobalCanonicalResidualBridge.lean:134:0: 'Erdos625.configurationMatchingEquivSigmaCapNoReturn' depends on axioms: [propext, Classical.choice, Quot.sound]
info: Erdos625/Section9GlobalCanonicalResidualBridge.lean:135:0: 'Erdos625.uniformSigmaCapNoReturn' depends on axioms: [propext, Classical.choice, Quot.sound]
info: Erdos625/Section9GlobalCanonicalResidualBridge.lean:136:0: 'Erdos625.uniformConfigurationMatching_map_sigmaCapNoReturn' depends on axioms: [propext, Classical.choice, Quot.sound]
ℹ [8887/9038] Built Erdos625.Section9CanonicalSupportMatching (32s)
info: Erdos625/Section9CanonicalSupportMatching.lean:51:0: 'Erdos625.positiveDemandSupport_isBipartiteMatching_of_canonicalDemandImage' depends on axioms: [propext,
 Classical.choice,
 Quot.sound]
ℹ [8888/9038] Built Erdos625.Section8EndpointThreeQuarterDeficitSum (18s)
info: Erdos625/Section8EndpointThreeQuarterDeficitSum.lean:255:0: 'Erdos625.nearCellTerm_le_threeQuarterHighCellBase_pow' depends on axioms: [propext, Classical.choice, Quot.sound]
info: Erdos625/Section8EndpointThreeQuarterDeficitSum.lean:256:0: 'Erdos625.sum_range_pow_succ_le_two_mul_of_le_half' depends on axioms: [propext, Classical.choice, Quot.sound]
info: Erdos625/Section8EndpointThreeQuarterDeficitSum.lean:257:0: 'Erdos625.sum_fin_pow_le_two_mul_of_pos_of_le_half' depends on axioms: [propext, Classical.choice, Quot.sound]
info: Erdos625/Section8EndpointThreeQuarterDeficitSum.lean:258:0: 'Erdos625.fourEndpointAllHighWeight_le_threeQuarterHighCellBase_pow' depends on axioms: [propext,
 Classical.choice,
 Quot.sound]
info: Erdos625/Section8EndpointThreeQuarterDeficitSum.lean:259:0: 'Erdos625.sum_fourEndpointAllHighWeight_le_two_threeQuarterHighCellBase' depends on axioms: [propext,
 Classical.choice,
 Quot.sound]
info: Erdos625/Section8EndpointThreeQuarterDeficitSum.lean:260:0: 'Erdos625.sum_fourEndpointAllHighChoiceWeight_le_threeQuarterProduct' depends on axioms: [propext,
 Classical.choice,
 Quot.sound]
✔ [8889/9038] Built Erdos625.PhaseSignedFourSizeCompactTargetCorridor (30s)
ℹ [8890/9038] Built Erdos625.Section9TaggedFiberCancellation (41s)
info: Erdos625/Section9TaggedFiberCancellation.lean:189:169: Try this:
  [apply] ring_nf
  
  The `ring` tactic failed to close the goal. Use `ring_nf` to obtain a normal form.
    
  Note that `ring` works primarily in *commutative* rings. If you have a noncommutative ring, abelian group or module, consider using `noncomm_ring`, `abel` or `module` instead.
ℹ [8891/9038] Built Erdos625.Section8EndpointDecoratedReferenceQuotient (15s)
info: Erdos625/Section8EndpointDecoratedReferenceQuotient.lean:131:0: 'Erdos625.card_fourEndpointDecoratedBlockPairing_mul_denominator' depends on axioms: [propext,
 Classical.choice,
 Quot.sound]
info: Erdos625/Section8EndpointDecoratedReferenceQuotient.lean:132:0: 'Erdos625.fourEndpointDecoratedDenominator_ne_zero' depends on axioms: [propext, Classical.choice, Quot.sound]
info: Erdos625/Section8EndpointDecoratedReferenceQuotient.lean:133:0: 'Erdos625.ennreal_card_fourEndpointDecoratedBlockPairing_eq_quotient' depends on axioms: [propext,
 Classical.choice,
 Quot.sound]
info: Erdos625/Section8EndpointDecoratedReferenceQuotient.lean:134:0: 'Erdos625.sum_fourEndpointDecoratedBlockPairing_const_eq_quotient_mul' depends on axioms: [propext,
 Classical.choice,
 Quot.sound]
✔ [8892/9038] Built Erdos625.ColoringProfileDeficitTiltConvergence (28s)
✔ [8893/9038] Built Erdos625.Section8EndpointDecoratedPhysicalFibre (19s)
✔ [8894/9038] Built Erdos625.ColoringProfileDeficitVariance (32s)
✔ [8895/9038] Built Erdos625.PhaseRootLogPartitionQuadratic (31s)
✔ [8896/9038] Built Erdos625.PhaseRootDerivativeSelectedQuadratic (33s)
✔ [8897/9038] Built Erdos625.PhaseRootTiltLinearQuadratic (31s)
✔ [8898/9038] Built Erdos625.PhaseRootDerivativeSelectedDiscrepancy (29s)
✔ [8899/9038] Built Erdos625.PhaseRootSelectedDeficitBound (30s)
✔ [8900/9038] Built Erdos625.PhaseRootScalarCore (29s)
ℹ [8901/9038] Built Erdos625.Section8EndpointLocalSquaredTransport (16s)
info: Erdos625/Section8EndpointLocalSquaredTransport.lean:58:0: 'Erdos625.fourEndpointLocalCellFactor_sq_mul_transportDenominator' depends on axioms: [propext,
 Classical.choice,
 Quot.sound]
✔ [8902/9038] Built Erdos625.PhaseRootCenterLogBound (30s)
✔ [8903/9038] Built Erdos625.PhaseRootAlgebraicNoLogBound (30s)
ℹ [8904/9038] Built Erdos625.Section9ActualAttachmentLargeResidualEnvelope (18s)
info: Erdos625/Section9ActualAttachmentLargeResidualEnvelope.lean:88:0: 'Erdos625.exists_absolute_residualActualAttachmentNumerator_le_largeResidualEnvelope' depends on axioms: [propext,
 Classical.choice,
 Quot.sound]
✔ [8905/9038] Built Erdos625.DeficitDerivativeComposition (30s)
✔ [8906/9038] Built Erdos625.SPlusPrimalDirect (30s)
✔ [8907/9038] Built Erdos625.SPlusEntropyCandidateEmbedding (34s)
✔ [8908/9038] Built Erdos625.PartialDiagonalCentralLogEnvelope (34s)
✔ [8909/9038] Built Erdos625.MidpointProfileUniformDisplacement (31s)
✔ [8910/9038] Built Erdos625.PhaseSignedFourSizeCompactControl (17s)
✔ [8911/9038] Built Erdos625.Section9TaggedTransportGeneric (32s)
✔ [8912/9038] Built Erdos625.Section8NearPrefixFoundation (29s)
ℹ [8913/9038] Built Erdos625.Section9CanonicalRewardSupportSplit (29s)
info: Erdos625/Section9CanonicalRewardSupportSplit.lean:167:0: 'Erdos625.residualReward_add_eq_mul_of_noReturn' depends on axioms: [propext, Quot.sound]
info: Erdos625/Section9CanonicalRewardSupportSplit.lean:168:0: 'Erdos625.prod_residualReward_add_eq_positiveSupport_mul' depends on axioms: [propext, Classical.choice, Quot.sound]
info: Erdos625/Section9CanonicalRewardSupportSplit.lean:169:0: 'Erdos625.two_le_add_iff_positive_or_two_le' depends on axioms: [propext, Classical.choice, Quot.sound]
info: Erdos625/Section9CanonicalRewardSupportSplit.lean:170:0: 'Erdos625.bipartiteGraph_positiveSupport_add_eq_union' depends on axioms: [propext, Classical.choice, Quot.sound]
info: Erdos625/Section9CanonicalRewardSupportSplit.lean:171:0: 'Erdos625.fixedWitnessCanonical_reward_support_split' depends on axioms: [propext, Classical.choice, Quot.sound]
ℹ [8914/9038] Built Erdos625.Section8EndpointDecoratedReferenceWeight (16s)
info: Erdos625/Section8EndpointDecoratedReferenceWeight.lean:62:0: 'Erdos625.sum_fourEndpointDecoratedReferenceAtomWeight_eq_quotientWeight' depends on axioms: [propext,
 Classical.choice,
 Quot.sound]
ℹ [8915/9038] Built Erdos625.Section9GlobalTaggedAttachmentAssembly (27s)
info: Erdos625/Section9GlobalTaggedAttachmentAssembly.lean:78:0: 'Erdos625.canonicalDemandReferenceWitness' depends on axioms: [propext, Classical.choice, Quot.sound]
info: Erdos625/Section9GlobalTaggedAttachmentAssembly.lean:79:0: 'Erdos625.sum_global_taggedResidualAttachmentValue_eq_sum_incidence_mul_numerator' depends on axioms: [propext,
 Classical.choice,
 Quot.sound]
ℹ [8916/9038] Built Erdos625.Section8EndpointDecoratedPhysicalInjective (15s)
info: Erdos625/Section8EndpointDecoratedPhysicalInjective.lean:184:0: 'Erdos625.fourEndpointPhysicalEdgeOfLocalEdge_eq_imp' depends on axioms: [propext, Classical.choice, Quot.sound]
info: Erdos625/Section8EndpointDecoratedPhysicalInjective.lean:185:0: 'Erdos625.fourEndpointDecoratedPhysicalSkeleton_eq_imp_blockEdges_eq' depends on axioms: [propext,
 Classical.choice,
 Quot.sound]
info: Erdos625/Section8EndpointDecoratedPhysicalInjective.lean:186:0: 'Erdos625.fourEndpointDecoratedBlockPairingToPhysicalFibre_injective' depends on axioms: [propext,
 Classical.choice,
 Quot.sound]
✔ [8917/9038] Built Erdos625.PhaseSelectedDeficitQuadratic (30s)
✔ [8918/9038] Built Erdos625.PhaseRootStirlingResidualBound (31s)
✔ [8919/9038] Built Erdos625.Section9ERealENNRealExpTransport (19s)
✔ [8920/9038] Built Erdos625.PhaseRootScalarResidualRemainderBound (31s)
✔ [8921/9038] Built Erdos625.PhaseRootExpansionResidualBound (30s)
✔ [8922/9038] Built Erdos625.PhaseRootAlgebraicCoreBound (30s)
✔ [8923/9038] Built Erdos625.PhaseRootCenterLogQuadratic (34s)
✔ [8924/9038] Built Erdos625.DerivativeAffineCoreError (31s)
✔ [8925/9038] Built Erdos625.SPlusPrimalCoordinateBounds (32s)
ℹ [8926/9038] Built Erdos625.PhaseSignedFourSizeTiltLinearQuadratic (24s)
info: Erdos625/PhaseSignedFourSizeTiltLinearQuadratic.lean:152:0: 'Erdos625.eventually_abs_phaseRootGapCorridor_fourSize_tilt_linear_le_quadratic' depends on axioms: [propext,
 Classical.choice,
 Quot.sound]
ℹ [8927/9038] Built Erdos625.SPlusEntropySupremumDualInterior (37s)
info: Erdos625/SPlusEntropySupremumDualInterior.lean:303:0: 'Erdos625.splusEntropySupremumDualInterior_bundle' depends on axioms: [propext, Classical.choice, Quot.sound]
info: Erdos625/SPlusEntropySupremumDualInterior.lean:304:0: 'Erdos625.exists_s4_embedded_extendedGaussian_witness_allTilts' depends on axioms: [propext,
 Classical.choice,
 Quot.sound]
info: Erdos625/SPlusEntropySupremumDualInterior.lean:305:0: 'Erdos625.extendedGaussianEntropyValue_le_dual_interior' depends on axioms: [propext, Classical.choice, Quot.sound]
info: Erdos625/SPlusEntropySupremumDualInterior.lean:306:0: 'Erdos625.fourGaussian_optimizedValue_le_extendedGaussianEntropyValue' depends on axioms: [propext,
 Classical.choice,
 Quot.sound]
info: Erdos625/SPlusEntropySupremumDualInterior.lean:307:0: 'Erdos625.fourEntropyLoss_nonneg_interior' depends on axioms: [propext, Classical.choice, Quot.sound]
✔ [8928/9038] Built Erdos625.PartialDiagonalMidpointRhoIdentity (37s)
✔ [8929/9038] Built Erdos625.FullCornerVertexRatioAsymptotic (37s)
ℹ [8930/9038] Built Erdos625.MidpointRoundedFourSizeEntropyLoss (36s)
info: Erdos625/MidpointRoundedFourSizeEntropyLoss.lean:408:0: 'Erdos625.ProfileEntropyS4.mul_log_div_le_sq_div_add_sub' depends on axioms: [propext, Classical.choice, Quot.sound]
info: Erdos625/MidpointRoundedFourSizeEntropyLoss.lean:409:0: 'Erdos625.ProfileEntropyS4.sum_mul_log_div_le_chiSquare' depends on axioms: [propext, Classical.choice, Quot.sound]
info: Erdos625/MidpointRoundedFourSizeEntropyLoss.lean:410:0: 'Erdos625.ProfileEntropyS4.optimizedValue_sub_entropyScore_eq_sum_mul_log_div' depends on axioms: [propext,
 Classical.choice,
 Quot.sound]
info: Erdos625/MidpointRoundedFourSizeEntropyLoss.lean:411:0: 'Erdos625.ProfileEntropyS4.optimizedValue_sub_entropyScore_nonneg_and_le_chiSquare' depends on axioms: [propext,
 Classical.choice,
 Quot.sound]
info: Erdos625/MidpointRoundedFourSizeEntropyLoss.lean:412:0: 'Erdos625.midpointRoundedProportion_pos_of_admissible' depends on axioms: [propext, Classical.choice, Quot.sound]
info: Erdos625/MidpointRoundedFourSizeEntropyLoss.lean:413:0: 'Erdos625.midpointRoundedFourSizeEntropyLoss_eq_sum_mul_log_div' depends on axioms: [propext,
 Classical.choice,
 Quot.sound]
info: Erdos625/MidpointRoundedFourSizeEntropyLoss.lean:414:0: 'Erdos625.mul_midpointRoundedProportion_sub_optimizer_sq_div_le' depends on axioms: [propext,
 Classical.choice,
 Quot.sound]
info: Erdos625/MidpointRoundedFourSizeEntropyLoss.lean:415:0: 'Erdos625.mul_sum_midpointRoundedProportion_sub_optimizer_sq_div_le' depends on axioms: [propext,
 Classical.choice,
 Quot.sound]
info: Erdos625/MidpointRoundedFourSizeEntropyLoss.lean:416:0: 'Erdos625.midpointRoundedFourSizeEntropy_loss_le' depends on axioms: [propext, Classical.choice, Quot.sound]
info: Erdos625/MidpointRoundedFourSizeEntropyLoss.lean:417:0: 'Erdos625.abs_mul_midpointRoundedFourSizeEntropyLoss_le' depends on axioms: [propext, Classical.choice, Quot.sound]
✔ [8931/9038] Built Erdos625.Section8NearMiddleEncodingInjective (34s)
✔ [8932/9038] Built Erdos625.PartialDiagonalEmptyRangeAsymptotic (48s)
ℹ [8933/9038] Built Erdos625.Section8EndpointDecoratedReferenceIdentification (17s)
info: Erdos625/Section8EndpointDecoratedReferenceIdentification.lean:165:0: 'Erdos625.fourEndpointLocalProduct_mul_stubFactorialProduct' depends on axioms: [propext, Classical.choice, Quot.sound]
info: Erdos625/Section8EndpointDecoratedReferenceIdentification.lean:166:0: 'Erdos625.fourEndpointLocalProduct_eq_stubQuotient_mul_reward' depends on axioms: [propext,
 Classical.choice,
 Quot.sound]
info: Erdos625/Section8EndpointDecoratedReferenceIdentification.lean:167:0: 'Erdos625.fourEndpointDecoratedReferenceQuotientWeight_eq_fourEndpointW' depends on axioms: [propext,
 Classical.choice,
 Quot.sound]
info: Erdos625/Section8EndpointDecoratedReferenceIdentification.lean:168:0: 'Erdos625.sum_fourEndpointDecoratedReferenceAtomWeight_eq_fourEndpointW' depends on axioms: [propext,
 Classical.choice,
 Quot.sound]
ℹ [8934/9038] Built Erdos625.Section8EndpointPhysicalBlockReverse (19s)
info: Erdos625/Section8EndpointPhysicalBlockReverse.lean:257:0: 'Erdos625.fourEndpointBlockSlots_type_unique' depends on axioms: [propext, Classical.choice, Quot.sound]
info: Erdos625/Section8EndpointPhysicalBlockReverse.lean:258:0: 'Erdos625.fourEndpointPhysicalBlockEdge_typeTable' depends on axioms: [propext, Classical.choice, Quot.sound]
info: Erdos625/Section8EndpointPhysicalBlockReverse.lean:259:0: 'Erdos625.fourEndpointPhysicalBlockSkeleton_typeTable' depends on axioms: [propext, Classical.choice, Quot.sound]
✔ [8935/9038] Built Erdos625.Section9ActualAttachmentLargeResidualExp (17s)
✔ [8936/9038] Built Erdos625.Section8CanonicalNearPrefix (31s)
ℹ [8937/9038] Built Erdos625.Section9SignedOverlapCanonicalDecomposition (34s)
info: Erdos625/Section9SignedOverlapCanonicalDecomposition.lean:399:0: 'Erdos625.canonicalRewardStateFullMatching_eq_extension' depends on axioms: [propext, Classical.choice, Quot.sound]
info: Erdos625/Section9SignedOverlapCanonicalDecomposition.lean:400:0: 'Erdos625.canonicalRewardStateExtension_mem_canonical' depends on axioms: [propext, Classical.choice, Quot.sound]
info: Erdos625/Section9SignedOverlapCanonicalDecomposition.lean:401:0: 'Erdos625.canonicalRewardState_positiveSupport_isBipartiteMatching' depends on axioms: [propext,
 Classical.choice,
 Quot.sound]
info: Erdos625/Section9SignedOverlapCanonicalDecomposition.lean:402:0: 'Erdos625.canonicalRewardState_residual_eq' depends on axioms: [propext, Classical.choice, Quot.sound]
info: Erdos625/Section9SignedOverlapCanonicalDecomposition.lean:403:0: 'Erdos625.signedOverlapReward_canonicalRewardState_eq_attachment' depends on axioms: [propext,
 Classical.choice,
 Quot.sound]
info: Erdos625/Section9SignedOverlapCanonicalDecomposition.lean:404:0: 'Erdos625.sum_uniformConfigurationMatching_signedOverlapReward_eq_sum_canonicalRewardStateAttachment' depends on axioms: [propext,
 Classical.choice,
 Quot.sound]
info: Erdos625/Section9SignedOverlapCanonicalDecomposition.lean:405:0: 'Erdos625.sum_uniformConfigurationMatching_signedOverlapReward_eq_skeletonAttachmentSum' depends on axioms: [propext,
 Classical.choice,
 Quot.sound]
info: Erdos625/Section9SignedOverlapCanonicalDecomposition.lean:406:0: 'Erdos625.sum_uniformConfigurationMatching_signedOverlapReward_eq_skeletonCycleRankSum' depends on axioms: [propext,
 Classical.choice,
 Quot.sound]
info: Erdos625/Section9SignedOverlapCanonicalDecomposition.lean:407:0: 'Erdos625.sum_uniformProfile_signedOverlapReward_eq_skeletonAttachmentSum' depends on axioms: [propext,
 Classical.choice,
 Quot.sound]
info: Erdos625/Section9SignedOverlapCanonicalDecomposition.lean:408:0: 'Erdos625.sum_uniformProfile_signedOverlapReward_eq_skeletonCycleRankSum' depends on axioms: [propext,
 Classical.choice,
 Quot.sound]
✔ [8938/9038] Built Erdos625.PhaseRootScalarBound (30s)
✔ [8939/9038] Built Erdos625.PhaseRootCenterDerivativeLowerCorrected (31s)
ℹ [8940/9038] Built Erdos625.PhaseSignedFourSizeGapCorridorLog (34s)
info: Erdos625/PhaseSignedFourSizeGapCorridorLog.lean:90:0: 'Erdos625.eventually_abs_phaseRootGapCorridor_log_le_quadratic' depends on axioms: [propext,
 Classical.choice,
 Quot.sound]
✔ [8941/9038] Built Erdos625.SPlusPrimalRepresentation (29s)
✔ [8942/9038] Built Erdos625.SignedFourEntropyLossDecomposition (28s)
✔ [8943/9038] Built Erdos625.FiniteFourVsExtendedEntropyLoss (29s)
✔ [8944/9038] Built Erdos625.UniformLimitingEntropyCertificate (29s)
ℹ [8945/9038] Built Erdos625.Section8PartialCellPhysicalFibre (16s)
info: Erdos625/Section8PartialCellPhysicalFibre.lean:195:0: 'Erdos625.card_fourEndpointPartialStubDecoration_mul_factorials' depends on axioms: [propext,
 Classical.choice,
 Quot.sound]
info: Erdos625/Section8PartialCellPhysicalFibre.lean:196:0: 'Erdos625.ennreal_card_fourEndpointPartialStubDecoration_eq_quotient' depends on axioms: [propext,
 Classical.choice,
 Quot.sound]
info: Erdos625/Section8PartialCellPhysicalFibre.lean:197:0: 'Erdos625.sum_fourEndpointPartialAtomWeight_eq_aggregateWeight' depends on axioms: [propext,
 Classical.choice,
 Quot.sound]
ℹ [8946/9038] Built Erdos625.Section8EndpointPhysicalCellReverse (18s)
info: Erdos625/Section8EndpointPhysicalCellReverse.lean:295:0: 'Erdos625.fourEndpointPhysicalStubToLocalEquiv_val' depends on axioms: [propext, Classical.choice, Quot.sound]
info: Erdos625/Section8EndpointPhysicalCellReverse.lean:296:0: 'Erdos625.fourEndpointPhysicalCellEdgeToLocal_injective' depends on axioms: [propext, Classical.choice, Quot.sound]
info: Erdos625/Section8EndpointPhysicalCellReverse.lean:297:0: 'Erdos625.physicalCellEdges_card_eq_typeTable_public' depends on axioms: [propext, Classical.choice, Quot.sound]
info: Erdos625/Section8EndpointPhysicalCellReverse.lean:298:0: 'Erdos625.fourEndpointPhysicalCellLocalSkeletonValidated_typeTable' depends on axioms: [propext,
 Classical.choice,
 Quot.sound]
✔ [8947/9038] Built Erdos625.FullCornerMidpointMuActivity (32s)
ℹ [8948/9038] Built Erdos625.SignedFourFirstMomentNormalization (29s)
info: Erdos625/SignedFourFirstMomentNormalization.lean:335:0: 'Erdos625.log_signedProfileExpectation_toReal_eq' depends on axioms: [propext, Classical.choice, Quot.sound]
info: Erdos625/SignedFourFirstMomentNormalization.lean:336:0: 'Erdos625.forbiddenEdges_fourDeficitEmbedding' depends on axioms: [propext, Classical.choice, Quot.sound]
info: Erdos625/SignedFourFirstMomentNormalization.lean:337:0: 'Erdos625.sum_fourDeficitEmbedding_cast_mul' depends on axioms: [propext, Classical.choice, Quot.sound]
info: Erdos625/SignedFourFirstMomentNormalization.lean:338:0: 'Erdos625.sum_apply_fourDeficitEmbedding' depends on axioms: [propext, Classical.choice, Quot.sound]
info: Erdos625/SignedFourFirstMomentNormalization.lean:339:0: 'Erdos625.log_partialSignedFirstMoment_fourDeficitEmbedding' depends on axioms: [propext, Classical.choice, Quot.sound]
info: Erdos625/SignedFourFirstMomentNormalization.lean:340:0: 'Erdos625.signedProfileExpectation_toReal_eq_partialSignedFirstMoment_fourDeficit' depends on axioms: [propext,
 Classical.choice,
 Quot.sound]
✔ [8949/9038] Built Erdos625.Section8CanonicalNearUniqueness (29s)
ℹ [8950/9038] Built Erdos625.Section8ProfileSkeletonWeight (32s)
info: Erdos625/Section8ProfileSkeletonWeight.lean:229:0: 'Erdos625.profileHighSkeleton_totalDemand_le' depends on axioms: [propext, Classical.choice, Quot.sound]
info: Erdos625/Section8ProfileSkeletonWeight.lean:230:0: 'Erdos625.profileHighSkeletonWeight_eq_descendingFactorials' depends on axioms: [propext, Classical.choice, Quot.sound]
info: Erdos625/Section8ProfileSkeletonWeight.lean:231:0: 'Erdos625.profileHighSkeletonWeight_eq_sum_typedPartialMatching' depends on axioms: [propext,
 Classical.choice,
 Quot.sound]
info: Erdos625/Section8ProfileSkeletonWeight.lean:232:0: 'Erdos625.profileHighSkeletonWeight_eq_sum_unlabelledSkeletonFibre' depends on axioms: [propext,
 Classical.choice,
 Quot.sound]
info: Erdos625/Section8ProfileSkeletonWeight.lean:233:0: 'Erdos625.profileHighSkeleton_positiveSupport_isBipartiteMatching' depends on axioms: [propext,
 Classical.choice,
 Quot.sound]
info: Erdos625/Section8ProfileSkeletonWeight.lean:234:0: 'Erdos625.sum_uniformProfile_signedOverlapReward_eq_sum_profileHighSkeletonContribution' depends on axioms: [propext,
 Classical.choice,
 Quot.sound]
info: Erdos625/Section8ProfileSkeletonWeight.lean:235:0: 'Erdos625.sum_profileHighSkeletonContribution_eq_sum_unlabelledSkeletonFibre' depends on axioms: [propext,
 Classical.choice,
 Quot.sound]
info: Erdos625/Section8ProfileSkeletonWeight.lean:236:0: 'Erdos625.sum_uniformProfile_signedOverlapReward_eq_sum_profilePhysicalHighSkeletonContribution' depends on axioms: [propext,
 Classical.choice,
 Quot.sound]
ℹ [8951/9038] Built Erdos625.Section9ProfileAttachmentPolymerAssembly (31s)
info: Erdos625/Section9ProfileAttachmentPolymerAssembly.lean:183:0: 'Erdos625.sum_global_taggedResidualAttachmentValue_le_sum_incidence_mul_polymerMajorant' depends on axioms: [propext,
 Classical.choice,
 Quot.sound]
info: Erdos625/Section9ProfileAttachmentPolymerAssembly.lean:184:0: 'Erdos625.sum_uniformProfile_signedOverlapReward_le_skeletonPolymerSum' depends on axioms: [propext,
 Classical.choice,
 Quot.sound]
info: Erdos625/Section9ProfileAttachmentPolymerAssembly.lean:185:0: 'Erdos625.sum_uniformProfile_signedOverlapReward_eq_zeroResidual_add_positiveResidual' depends on axioms: [propext,
 Classical.choice,
 Quot.sound]
✔ [8952/9038] Built Erdos625.PhaseRootScalarOverSlopeNegligible (29s)
✔ [8953/9038] Built Erdos625.PhaseRootScalarLogLogScale (33s)
✔ [8954/9038] Built Erdos625.PhaseRootObjectiveCenterBound (30s)
✔ [8955/9038] Built Erdos625.PhaseRootDerivativeQuadraticLower (30s)
ℹ [8956/9038] Built Erdos625.PhaseSignedFourSizeGapCorridorDerivativeLower (34s)
info: Erdos625/PhaseSignedFourSizeGapCorridorDerivativeLower.lean:84:0: 'Erdos625.eventually_signedFourSizeObjectiveDerivative_gapCorridor_lower' depends on axioms: [propext,
 Classical.choice,
 Quot.sound]
ℹ [8957/9038] Built Erdos625.Section8EndpointPhysicalEquiv (20s)
info: Erdos625/Section8EndpointPhysicalEquiv.lean:230:0: 'Erdos625.fourEndpointPhysicalEdge_local_roundtrip' depends on axioms: [propext, Classical.choice, Quot.sound]
info: Erdos625/Section8EndpointPhysicalEquiv.lean:231:0: 'Erdos625.fourEndpointDecoratedPhysicalSkeleton_reverse_eq' depends on axioms: [propext, Classical.choice, Quot.sound]
info: Erdos625/Section8EndpointPhysicalEquiv.lean:232:0: 'Erdos625.fourEndpointDecoratedBlockPairingToPhysicalFibre_rightInverse' depends on axioms: [propext,
 Classical.choice,
 Quot.sound]
info: Erdos625/Section8EndpointPhysicalEquiv.lean:233:0: 'Erdos625.fourEndpointDecoratedBlockPairingToPhysicalFibre_leftInverse' depends on axioms: [propext,
 Classical.choice,
 Quot.sound]
✔ [8958/9038] Built Erdos625.FiniteProfileDeficitEntropyComparison (30s)
ℹ [8959/9038] Built Erdos625.SignedUnrestrictedObjectiveGapIdentity (28s)
info: Erdos625/SignedUnrestrictedObjectiveGapIdentity.lean:131:0: 'Erdos625.fourSizeTarget_eq_profileDeficitTarget' depends on axioms: [propext, Classical.choice, Quot.sound]
info: Erdos625/SignedUnrestrictedObjectiveGapIdentity.lean:132:0: 'Erdos625.phaseSignedFourSizeObjective_div_sub_unrestrictedPhaseObjective_div_eq_finiteMargin' depends on axioms: [propext,
 Classical.choice,
 Quot.sound]
info: Erdos625/SignedUnrestrictedObjectiveGapIdentity.lean:133:0: 'Erdos625.finiteSignedFourEntropyLoss_eq_limiting_add_errors' depends on axioms: [propext, Classical.choice, Quot.sound]
info: Erdos625/SignedUnrestrictedObjectiveGapIdentity.lean:134:0: 'Erdos625.finiteSignedFourMargin_eq_limiting_sub_errors' depends on axioms: [propext, Classical.choice, Quot.sound]
info: Erdos625/SignedUnrestrictedObjectiveGapIdentity.lean:135:0: 'Erdos625.phaseSignedFourSizeObjective_eq_parts_mul_finiteMargin_of_unrestrictedRoot' depends on axioms: [propext,
 Classical.choice,
 Quot.sound]
✔ [8960/9038] Built Erdos625.UniformFiniteFourEntropyCertificate (29s)
✔ [8961/9038] Built Erdos625.FullCornerMidpointAggregate (29s)
ℹ [8962/9038] Built Erdos625.FourDeficitFirstMomentStirlingBridge (30s)
info: Erdos625/FourDeficitFirstMomentStirlingBridge.lean:231:0: 'Erdos625.profileLogWeight_sub_discreteObjective_eq_factorialRemainders' depends on axioms: [propext,
 Classical.choice,
 Quot.sound]
info: Erdos625/FourDeficitFirstMomentStirlingBridge.lean:232:0: 'Erdos625.factorialLogErrorBound_mono' depends on axioms: [propext, Classical.choice, Quot.sound]
info: Erdos625/FourDeficitFirstMomentStirlingBridge.lean:233:0: 'Erdos625.fourDeficitMultiplicity_le_n' depends on axioms: [propext, Classical.choice, Quot.sound]
info: Erdos625/FourDeficitFirstMomentStirlingBridge.lean:234:0: 'Erdos625.abs_profileLogWeight_sub_discreteObjective_fourDeficitEmbedding_le' depends on axioms: [propext,
 Classical.choice,
 Quot.sound]
info: Erdos625/FourDeficitFirstMomentStirlingBridge.lean:235:0: 'Erdos625.abs_log_partialSignedFirstMoment_fourDeficit_sub_discreteObjective_le' depends on axioms: [propext,
 Classical.choice,
 Quot.sound]
✔ [8963/9038] Built Erdos625.Section9StructuralCardinalitySupportMass (30s)
ℹ [8964/9038] Built Erdos625.Section8ProfileAttainedWeightedQuotient (32s)
info: Erdos625/Section8ProfileAttainedWeightedQuotient.lean:231:0: 'Erdos625.profileCanonicalHighSkeleton_mem_attainedUnlabelledTypeTables' depends on axioms: [propext,
 Classical.choice,
 Quot.sound]
info: Erdos625/Section8ProfileAttainedWeightedQuotient.lean:232:0: 'Erdos625.ennreal_card_unlabelledSkeleton_fibre_eq_descendingProducts_div_cellFactorials' depends on axioms: [propext,
 Classical.choice,
 Quot.sound]
info: Erdos625/Section8ProfileAttainedWeightedQuotient.lean:233:0: 'Erdos625.sum_uniformProfile_signedOverlapReward_eq_attainedWeightedQuotient' depends on axioms: [propext,
 Classical.choice,
 Quot.sound]
info: Erdos625/Section8ProfileAttainedWeightedQuotient.lean:234:0: 'Erdos625.sum_uniformProfile_signedOverlapReward_eq_expandedAttainedWeightedQuotient' depends on axioms: [propext,
 Classical.choice,
 Quot.sound]
info: Erdos625/Section8ProfileAttainedWeightedQuotient.lean:235:0: 'Erdos625.sum_uniformProfile_signedOverlapReward_le_attainedWeightedQuotient_of_attachment_le' depends on axioms: [propext,
 Classical.choice,
 Quot.sound]
info: Erdos625/Section8ProfileAttainedWeightedQuotient.lean:236:0: 'Erdos625.sum_uniformProfile_signedOverlapReward_le_attainedPolymerWeightedQuotient' depends on axioms: [propext,
 Classical.choice,
 Quot.sound]
ℹ [8965/9038] Built Erdos625.Section8MatchingDemandCellFibre (35s)
info: Erdos625/Section8MatchingDemandCellFibre.lean:528:0: 'Erdos625.matchingDemandDecoratedPhysicalSkeleton_typeTable' depends on axioms: [propext, Classical.choice, Quot.sound]
info: Erdos625/Section8MatchingDemandCellFibre.lean:529:0: 'Erdos625.matchingDemandCellDecorationToPhysicalFibre_injective' depends on axioms: [propext,
 Classical.choice,
 Quot.sound]
info: Erdos625/Section8MatchingDemandCellFibre.lean:530:0: 'Erdos625.matchingDemandPhysicalCellLocalSkeleton_typeTable' depends on axioms: [propext, Classical.choice, Quot.sound]
info: Erdos625/Section8MatchingDemandCellFibre.lean:531:0: 'Erdos625.matchingDemandCellDecorationToPhysicalFibre_rightInverse' depends on axioms: [propext,
 Classical.choice,
 Quot.sound]
info: Erdos625/Section8MatchingDemandCellFibre.lean:532:0: 'Erdos625.matchingDemandCellDecorationToPhysicalFibre_leftInverse' depends on axioms: [propext,
 Classical.choice,
 Quot.sound]
ℹ [8966/9038] Built Erdos625.Section9ZeroResidualMatchingAttachment (33s)
info: Erdos625/Section9ZeroResidualMatchingAttachment.lean:231:0: 'Erdos625.bipartiteEven_subset_matching_eq_empty' depends on axioms: [propext, Classical.choice, Quot.sound]
info: Erdos625/Section9ZeroResidualMatchingAttachment.lean:232:0: 'Erdos625.residualActualAttachmentNumerator_eq_one_of_total_zero_of_matching' depends on axioms: [propext,
 Classical.choice,
 Quot.sound]
info: Erdos625/Section9ZeroResidualMatchingAttachment.lean:233:0: 'Erdos625.canonicalDemandRawAttachmentTerm_eq_bare_of_residualTotal_zero_of_matching' depends on axioms: [propext,
 Classical.choice,
 Quot.sound]
info: Erdos625/Section9ZeroResidualMatchingAttachment.lean:234:0: 'Erdos625.one_le_canonicalDemandPolymerMajorant' depends on axioms: [propext, Classical.choice, Quot.sound]
info: Erdos625/Section9ZeroResidualMatchingAttachment.lean:235:0: 'Erdos625.profileHighSkeletonAttachment_le_polymerMajorant' depends on axioms: [propext, Classical.choice, Quot.sound]
info: Erdos625/Section9ZeroResidualMatchingAttachment.lean:236:0: 'Erdos625.sum_uniformProfile_signedOverlapReward_le_skeletonPolymerSum_unconditional' depends on axioms: [propext,
 Classical.choice,
 Quot.sound]
ℹ [8967/9038] Built Erdos625.Section9CanonicalDemandProductSpecialization (32s)
info: Erdos625/Section9CanonicalDemandProductSpecialization.lean:87:0: 'Erdos625.canonicalReference_residual_parameters' depends on axioms: [propext, Classical.choice, Quot.sound]
info: Erdos625/Section9CanonicalDemandProductSpecialization.lean:88:0: 'Erdos625.exists_absolute_canonicalDemandPolymer_strict_bound' depends on axioms: [propext,
 Classical.choice,
 Quot.sound]
ℹ [8968/9038] Built Erdos625.Section9CanonicalDemandSmallResidualBound (31s)
info: Erdos625/Section9CanonicalDemandSmallResidualBound.lean:52:0: 'Erdos625.canonicalDemandRawAttachmentTerm_le_smallResidualBound' depends on axioms: [propext,
 Classical.choice,
 Quot.sound]
ℹ [8969/9038] Built Erdos625.Section9CanonicalRawTwoRegimeSplit (29s)
info: Erdos625/Section9CanonicalRawTwoRegimeSplit.lean:91:0: 'Erdos625.sum_canonicalDemandRawAttachmentTerm_positive_eq_small_add_large' depends on axioms: [propext,
 Classical.choice,
 Quot.sound]
info: Erdos625/Section9CanonicalRawTwoRegimeSplit.lean:92:0: 'Erdos625.sum_canonicalDemandRawAttachmentTerm_positive_le_twoRegime' depends on axioms: [propext,
 Classical.choice,
 Quot.sound]
ℹ [8970/9038] Built Erdos625.PhaseSignedFourSizeReferenceCenterAudit (31s)
info: Erdos625/PhaseSignedFourSizeReferenceCenterAudit.lean:92:0: 'Erdos625.phaseSignedFourSizeObjective_referenceCenter_div_decomposition' depends on axioms: [propext,
 Classical.choice,
 Quot.sound]
info: Erdos625/PhaseSignedFourSizeReferenceCenterAudit.lean:93:0: 'Erdos625.tendsto_phaseSignedFourSizeObjective_referenceCenter_div_atTop' depends on axioms: [propext,
 Classical.choice,
 Quot.sound]
✔ [8971/9038] Built Erdos625.PhaseRootDerivativeUnitCorridor (43s)
ℹ [8972/9038] Built Erdos625.Section8AttainedDemandBlockSupport (33s)
info: Erdos625/Section8AttainedDemandBlockSupport.lean:390:0: 'Erdos625.fourEndpointActualBlock_atomOfProfileBlock' depends on axioms: [propext, Classical.choice, Quot.sound]
info: Erdos625/Section8AttainedDemandBlockSupport.lean:391:0: 'Erdos625.fourEndpointAtomOfProfileBlock_actualBlock' depends on axioms: [propext, Classical.choice, Quot.sound]
info: Erdos625/Section8AttainedDemandBlockSupport.lean:392:0: 'Erdos625.fourEndpointDemandBlockSkeleton' depends on axioms: [propext, Classical.choice, Quot.sound]
info: Erdos625/Section8AttainedDemandBlockSupport.lean:393:0: 'Erdos625.profileCanonicalDemand_cell_le_row' depends on axioms: [propext, Classical.choice, Quot.sound]
info: Erdos625/Section8AttainedDemandBlockSupport.lean:394:0: 'Erdos625.profileCanonicalDemand_cell_le_column' depends on axioms: [propext, Classical.choice, Quot.sound]
info: Erdos625/Section8AttainedDemandBlockSupport.lean:395:0: 'Erdos625.fourEndpointCellMultiplicity_demandDeficit_eq' depends on axioms: [propext, Classical.choice, Quot.sound]
info: Erdos625/Section8AttainedDemandBlockSupport.lean:396:0: 'Erdos625.fourEndpointDemandDeficit_twice_lt' depends on axioms: [propext, Classical.choice, Quot.sound]
ℹ [8973/9038] Built Erdos625.MidpointRoundedSignedFourSizeObjectiveBridge (33s)
info: Erdos625/MidpointRoundedSignedFourSizeObjectiveBridge.lean:576:0: 'Erdos625.midpointRoundedFourSizeEntropyLoss_eq_sub_score' depends on axioms: [propext, Classical.choice, Quot.sound]
info: Erdos625/MidpointRoundedSignedFourSizeObjectiveBridge.lean:577:0: 'Erdos625.signedFourSizeObjective_sub_midpointDiscrete_eq_namedEntropyLoss' depends on axioms: [propext,
 Classical.choice,
 Quot.sound]
info: Erdos625/MidpointRoundedSignedFourSizeObjectiveBridge.lean:578:0: 'Erdos625.signedFourSizeObjective_sub_midpointDiscrete_eq_entropyLoss' depends on axioms: [propext,
 Classical.choice,
 Quot.sound]
info: Erdos625/MidpointRoundedSignedFourSizeObjectiveBridge.lean:579:0: 'Erdos625.signedFourSizeObjective_sub_midpointDiscrete_nonneg_and_le' depends on axioms: [propext,
 Classical.choice,
 Quot.sound]
info: Erdos625/MidpointRoundedSignedFourSizeObjectiveBridge.lean:580:0: 'Erdos625.midpointMultiplicity_vertexMass' depends on axioms: [propext, Classical.choice, Quot.sound]
info: Erdos625/MidpointRoundedSignedFourSizeObjectiveBridge.lean:581:0: 'Erdos625.abs_log_midpointPartialSignedFirstMoment_sub_signedFourSizeObjective_le' depends on axioms: [propext,
 Classical.choice,
 Quot.sound]
ℹ [8974/9038] Built Erdos625.Section9MidpointSecondMomentSeed (32s)
info: Erdos625/Section9MidpointSecondMomentSeed.lean:178:0: 'Erdos625.normalizedSignedProfileSecondMoment_eq_midpointCanonicalAttachmentSum' depends on axioms: [propext,
 Classical.choice,
 Quot.sound]
info: Erdos625/Section9MidpointSecondMomentSeed.lean:179:0: 'Erdos625.normalizedSignedProfileSecondMoment_le_midpointCanonicalPolymerSum' depends on axioms: [propext,
 Classical.choice,
 Quot.sound]
info: Erdos625/Section9MidpointSecondMomentSeed.lean:180:0: 'Erdos625.normalizedSignedProfileSecondMoment_le_exp_of_polymerSum' depends on axioms: [propext,
 Classical.choice,
 Quot.sound]
info: Erdos625/Section9MidpointSecondMomentSeed.lean:181:0: 'Erdos625.midpoint_secondMoment_seed_of_canonicalPolymerEstimate' depends on axioms: [propext,
 Classical.choice,
 Quot.sound]
ℹ [8975/9038] Built Erdos625.Section8ProfilePartialAggregateWeight (32s)
info: Erdos625/Section8ProfilePartialAggregateWeight.lean:157:0: 'Erdos625.card_matchingDemandCellDecoration_mul_factorials' depends on axioms: [propext, Classical.choice, Quot.sound]
info: Erdos625/Section8ProfilePartialAggregateWeight.lean:158:0: 'Erdos625.ennreal_card_matchingDemandCellDecoration_eq_quotient' depends on axioms: [propext,
 Classical.choice,
 Quot.sound]
info: Erdos625/Section8ProfilePartialAggregateWeight.lean:159:0: 'Erdos625.sum_matchingDemandCellDecoration_const_eq_aggregateWeight' depends on axioms: [propext,
 Classical.choice,
 Quot.sound]
info: Erdos625/Section8ProfilePartialAggregateWeight.lean:160:0: 'Erdos625.profileHighSkeletonWeight_eq_matchingDemandCellAggregateWeight' depends on axioms: [propext,
 Classical.choice,
 Quot.sound]
info: Erdos625/Section8ProfilePartialAggregateWeight.lean:161:0: 'Erdos625.profileHighSkeletonWeight_eq_matchingDemandCellAggregateWeight_of_cap' depends on axioms: [propext,
 Classical.choice,
 Quot.sound]
✔ [8976/9038] Built Erdos625.Section9ProfileAttachmentLargeResidualExp (32s)
ℹ [8977/9038] Built Erdos625.Section9ResidualRegimeScaleAdapters (29s)
info: Erdos625/Section9ResidualRegimeScaleAdapters.lean:142:0: 'Erdos625.smallResidual_two_pow_le_exp_scale' depends on axioms: [propext, Classical.choice, Quot.sound]
info: Erdos625/Section9ResidualRegimeScaleAdapters.lean:143:0: 'Erdos625.canonicalDemandRawAttachmentTerm_le_smallResidualExpScale' depends on axioms: [propext,
 Classical.choice,
 Quot.sound]
info: Erdos625/Section9ResidualRegimeScaleAdapters.lean:144:0: 'Erdos625.eventually_log_growth_bounds' depends on axioms: [propext, Classical.choice, Quot.sound]
info: Erdos625/Section9ResidualRegimeScaleAdapters.lean:145:0: 'Erdos625.eventually_largeResidualEnvelope_logScale' depends on axioms: [propext, Classical.choice, Quot.sound]
✔ [8978/9038] Built Erdos625.Section9ZeroResidualFilteredSum (28s)
ℹ [8979/9038] Built Erdos625.Section9ProfileRawTwoRegimeAssembly (32s)
info: Erdos625/Section9ProfileRawTwoRegimeAssembly.lean:105:0: 'Erdos625.uniformProfile_signedOverlapReward_le_zeroRaw_add_rawSmall_add_largePolymer' depends on axioms: [propext,
 Classical.choice,
 Quot.sound]
ℹ [8980/9038] Built Erdos625.Section8FourDeficitProfileCover (32s)
info: Erdos625/Section8FourDeficitProfileCover.lean:77:0: 'Erdos625.profileDeficit_eq_fourDeficit_imp_coordinate_eq' depends on axioms: [propext, Classical.choice, Quot.sound]
info: Erdos625/Section8FourDeficitProfileCover.lean:78:0: 'Erdos625.isFourEndpointProfileCover_of_isFourDeficitSupported' depends on axioms: [propext,
 Classical.choice,
 Quot.sound]
info: Erdos625/Section8FourDeficitProfileCover.lean:79:0: 'Erdos625.fourDeficitEmbedding_isFourEndpointProfileCover' depends on axioms: [propext, Classical.choice, Quot.sound]
ℹ [8981/9038] Built Erdos625.PhaseSignedFourSizeReferenceCenterScale (33s)
info: Erdos625/PhaseSignedFourSizeReferenceCenterScale.lean:125:0: 'Erdos625.phaseSignedFourSizeObjective_referenceCenter_div_isBigO_logLogOrder' depends on axioms: [propext,
 Classical.choice,
 Quot.sound]
ℹ [8982/9038] Built Erdos625.SignedFourFirstMomentFiniteErrorAsymptotic (32s)
info: Erdos625/SignedFourFirstMomentFiniteErrorAsymptotic.lean:146:0: 'Erdos625.signedFourFiniteFirstMomentErrorBound_nonneg' depends on axioms: [propext, Classical.choice, Quot.sound]
info: Erdos625/SignedFourFirstMomentFiniteErrorAsymptotic.lean:147:0: 'Erdos625.eventually_abs_midpointPartialSignedFirstMomentLogError_le' depends on axioms: [propext,
 Classical.choice,
 Quot.sound]
info: Erdos625/SignedFourFirstMomentFiniteErrorAsymptotic.lean:148:0: 'Erdos625.midpointPartialSignedFirstMomentLogError_isBigO' depends on axioms: [propext, Classical.choice, Quot.sound]
info: Erdos625/SignedFourFirstMomentFiniteErrorAsymptotic.lean:149:0: 'Erdos625.signedFourFiniteFirstMomentErrorBound_isLittleO_of_logOrder' depends on axioms: [propext,
 Classical.choice,
 Quot.sound]
info: Erdos625/SignedFourFirstMomentFiniteErrorAsymptotic.lean:150:0: 'Erdos625.midpointPartialSignedFirstMomentLogError_isLittleO_of_logOrder' depends on axioms: [propext,
 Classical.choice,
 Quot.sound]
info: Erdos625/SignedFourFirstMomentFiniteErrorAsymptotic.lean:151:0: 'Erdos625.tendsto_midpointPartialSignedFirstMomentLogError_div_parts_zero' depends on axioms: [propext,
 Classical.choice,
 Quot.sound]
ℹ [8983/9038] Built Erdos625.Section9RealSeedMidpointCanonicalPolymer (32s)
info: Erdos625/Section9RealSeedMidpointCanonicalPolymer.lean:33:0: 'Erdos625.eventually_signedProfile_real_seed_of_midpointCanonicalPolymer_bound' depends on axioms: [propext,
 Classical.choice,
 Quot.sound]
ℹ [8984/9038] Built Erdos625.Section9CanonicalLambda (33s)
info: Erdos625/Section9CanonicalLambda.lean:271:0: 'Erdos625.canonicalMidpointLambda_isLittleO_of_polymer_bound' depends on axioms: [propext, Classical.choice, Quot.sound]
info: Erdos625/Section9CanonicalLambda.lean:272:0: 'Erdos625.canonicalMidpoint_secondMoment_seed' depends on axioms: [propext, Classical.choice, Quot.sound]
info: Erdos625/Section9CanonicalLambda.lean:273:0: 'Erdos625.canonicalMidpoint_secondMoment_seed_of_polymer_bound' depends on axioms: [propext,
 Classical.choice,
 Quot.sound]
✔ [8985/9038] Built Erdos625.Section9ProfileAttachmentSmallResidualScale (27s)
✔ [8986/9038] Built Erdos625.Section9ProfileAttachmentLargeResidualLogScale (35s)
ℹ [8987/9038] Built Erdos625.Section8AttainedAllDeficitReindexing (21s)
info: Erdos625/Section8AttainedAllDeficitReindexing.lean:227:0: 'Erdos625.fourEndpointSupportDeficitTable_encoding_eq' depends on axioms: [propext, Classical.choice, Quot.sound]
info: Erdos625/Section8AttainedAllDeficitReindexing.lean:228:0: 'Erdos625.fourEndpointAbstractDemandTable_injective' depends on axioms: [propext, Classical.choice, Quot.sound]
info: Erdos625/Section8AttainedAllDeficitReindexing.lean:229:0: 'Erdos625.fourEndpointDemandSupportDeficitEncoding_injective' depends on axioms: [propext, Classical.choice, Quot.sound]
info: Erdos625/Section8AttainedAllDeficitReindexing.lean:230:0: 'Erdos625.sum_profileCanonicalHighSkeleton_le_sum_supportDeficitData' depends on axioms: [propext,
 Classical.choice,
 Quot.sound]
ℹ [8988/9038] Built Erdos625.Section9CanonicalTwoRegimeSeed (19s)
info: Erdos625/Section9CanonicalTwoRegimeSeed.lean:109:0: 'Erdos625.exists_canonicalPolymer_twoRegime_error' depends on axioms: [propext, Classical.choice, Quot.sound]
info: Erdos625/Section9CanonicalTwoRegimeSeed.lean:110:0: 'Erdos625.canonicalMidpoint_secondMoment_seed_of_twoRegime' depends on axioms: [propext, Classical.choice, Quot.sound]
ℹ [8989/9038] Built Erdos625.Section9ProfileAttachmentSmallResidualLogScale (17s)
info: Erdos625/Section9ProfileAttachmentSmallResidualLogScale.lean:38:22: Try this:
  [apply] ring_nf
  
  The `ring` tactic failed to close the goal. Use `ring_nf` to obtain a normal form.
    
  Note that `ring` works primarily in *commutative* rings. If you have a noncommutative ring, abelian group or module, consider using `noncomm_ring`, `abel` or `module` instead.
ℹ [8990/9038] Built Erdos625.PhaseSignedFourSizeLogLogCorridorDomain (37s)
info: Erdos625/PhaseSignedFourSizeLogLogCorridorDomain.lean:188:0: 'Erdos625.eventually_phaseRootLogLogCorridor_fourSize_domain' depends on axioms: [propext, Classical.choice, Quot.sound]
✔ [8991/9038] Built Erdos625.Section8FourEndpointPartialAggregateWeight (19s)
ℹ [8992/9038] Built Erdos625.Section9RealSecondMomentSeed (17s)
info: Erdos625/Section9RealSecondMomentSeed.lean:77:0: 'Erdos625.signedProfileNormalizedSecondMomentReal_le_exp_canonicalMidpointLambda' depends on axioms: [propext,
 Classical.choice,
 Quot.sound]
info: Erdos625/Section9RealSecondMomentSeed.lean:78:0: 'Erdos625.real_canonicalMidpoint_secondMoment_seed_of_twoRegime' depends on axioms: [propext,
 Classical.choice,
 Quot.sound]
ℹ [8993/9038] Built Erdos625.Section8DirectHalfDeficitAssembly (23s)
info: Erdos625/Section8DirectHalfDeficitAssembly.lean:272:0: 'Erdos625.fourEndpointSupportChoiceTable_toChoice_eq' depends on axioms: [propext, Classical.choice, Quot.sound]
info: Erdos625/Section8DirectHalfDeficitAssembly.lean:273:0: 'Erdos625.fourEndpointDemandSupportChoiceEncoding_injective' depends on axioms: [propext, Classical.choice, Quot.sound]
info: Erdos625/Section8DirectHalfDeficitAssembly.lean:274:0: 'Erdos625.sum_fourEndpointSupportChoiceChargedWeight_eq' depends on axioms: [propext, Classical.choice, Quot.sound]
info: Erdos625/Section8DirectHalfDeficitAssembly.lean:275:0: 'Erdos625.sum_profileCanonicalHighSkeleton_le_directSupportChoiceProduct' depends on axioms: [propext,
 Classical.choice,
 Quot.sound]
ℹ [8994/9038] Built Erdos625.Section9CanonicalPolymerAggregation (27s)
info: Erdos625/Section9CanonicalPolymerAggregation.lean:179:0: 'Erdos625.midpointCanonicalPolymerSum_le_bare_mul' depends on axioms: [propext, Classical.choice, Quot.sound]
info: Erdos625/Section9CanonicalPolymerAggregation.lean:180:0: 'Erdos625.midpointCanonicalPolymerSum_le_exp_add' depends on axioms: [propext, Classical.choice, Quot.sound]
info: Erdos625/Section9CanonicalPolymerAggregation.lean:181:0: 'Erdos625.eventually_midpointCanonicalPolymerSum_le_exp_of_separate_bounds' depends on axioms: [propext,
 Classical.choice,
 Quot.sound]
info: Erdos625/Section9CanonicalPolymerAggregation.lean:182:0: 'Erdos625.real_canonicalMidpoint_secondMoment_seed_of_separate_bounds' depends on axioms: [propext,
 Classical.choice,
 Quot.sound]
ℹ [8995/9038] Built Erdos625.PhaseSignedFourSizeLogLogCorridorLog (33s)
info: Erdos625/PhaseSignedFourSizeLogLogCorridorLog.lean:129:0: 'Erdos625.eventually_abs_phaseRootLogLogCorridor_log_le_quadratic' depends on axioms: [propext,
 Classical.choice,
 Quot.sound]
ℹ [8996/9038] Built Erdos625.Section8DirectReferenceGrouping (27s)
info: Erdos625/Section8DirectReferenceGrouping.lean:149:0: 'Erdos625.fourEndpointAllDecoratedSupportEquivSigmaTable' depends on axioms: [propext, Classical.choice, Quot.sound]
info: Erdos625/Section8DirectReferenceGrouping.lean:150:0: 'Erdos625.sum_fourEndpointFullSupportReferenceWeight_eq_sum_W' depends on axioms: [propext,
 Classical.choice,
 Quot.sound]
ℹ [8997/9038] Built Erdos625.Section8CoarseHalfDeficitCharge (28s)
info: Erdos625/Section8CoarseHalfDeficitCharge.lean:230:0: 'Erdos625.nearCellTerm_le_threeQuarterCellBase_pow' depends on axioms: [propext, Classical.choice, Quot.sound]
info: Erdos625/Section8CoarseHalfDeficitCharge.lean:231:0: 'Erdos625.sum_fourEndpointHalfDeficitChoiceWeight_le_uniform' depends on axioms: [propext, Classical.choice, Quot.sound]
info: Erdos625/Section8CoarseHalfDeficitCharge.lean:232:0: 'Erdos625.sum_profileCanonicalHighSkeleton_le_uniformHalfDeficitSupportSum' depends on axioms: [propext,
 Classical.choice,
 Quot.sound]
ℹ [8998/9038] Built Erdos625.PhaseSignedFourSizeLogLogCorridorTarget (37s)
info: Erdos625/PhaseSignedFourSizeLogLogCorridorTarget.lean:187:0: 'Erdos625.eventually_phaseRootLogLogCorridor_fourSize_target_mem_Icc' depends on axioms: [propext,
 Classical.choice,
 Quot.sound]
✔ [8999/9038] Built Erdos625.Section8FourEndpointFullReferenceComparison (38s)
✔ [9000/9038] Built Erdos625.Section9ActualAttachmentAggregation (29s)
ℹ [9001/9038] Built Erdos625.Section9SeparatedTwoRegimeSeed (29s)
info: Erdos625/Section9SeparatedTwoRegimeSeed.lean:135:0: 'Erdos625.exists_canonicalDemandAttachment_twoRegime_error' depends on axioms: [propext, Classical.choice, Quot.sound]
info: Erdos625/Section9SeparatedTwoRegimeSeed.lean:136:0: 'Erdos625.real_canonicalMidpoint_secondMoment_seed_of_skeleton_and_twoRegime' depends on axioms: [propext,
 Classical.choice,
 Quot.sound]
ℹ [9002/9038] Built Erdos625.Section8CanonicalThreeQuarterRho (33s)
info: Erdos625/Section8CanonicalThreeQuarterRho.lean:93:0: 'Erdos625.threeQuarterCellBase_le_fourEndpointThreeQuarterRho' depends on axioms: [propext,
 Classical.choice,
 Quot.sound]
info: Erdos625/Section8CanonicalThreeQuarterRho.lean:94:0: 'Erdos625.sum_profileCanonicalHighSkeleton_le_canonicalThreeQuarterRhoSupportSum' depends on axioms: [propext,
 Classical.choice,
 Quot.sound]
ℹ [9003/9038] Built Erdos625.Section8WeightedReferenceRegrouping (34s)
info: Erdos625/Section8WeightedReferenceRegrouping.lean:83:0: 'Erdos625.sum_fourEndpointFullSupportReferenceWeight_mul_tableWeight_eq_sum_realized_W_mul_tableWeight' depends on axioms: [propext,
 Classical.choice,
 Quot.sound]
ℹ [9004/9038] Built Erdos625.Section8FiniteBareSkeletonReduction (34s)
info: Erdos625/Section8FiniteBareSkeletonReduction.lean:131:0: 'Erdos625.UnlabelledTypedSkeleton.edges_card_le_rowTotal' depends on axioms: [propext, Classical.choice, Quot.sound]
info: Erdos625/Section8FiniteBareSkeletonReduction.lean:132:0: 'Erdos625.fourEndpointAbstractBlockSkeleton_edges_card_le' depends on axioms: [propext, Classical.choice, Quot.sound]
info: Erdos625/Section8FiniteBareSkeletonReduction.lean:133:0: 'Erdos625.sum_profileCanonicalHighSkeleton_le_commonDeficitFactor_mul_sum_W' depends on axioms: [propext,
 Classical.choice,
 Quot.sound]
ℹ [9005/9038] Built Erdos625.PhaseSignedFourSizeLogLogCorridorCompactControl (32s)
info: Erdos625/PhaseSignedFourSizeLogLogCorridorCompactControl.lean:83:0: 'Erdos625.exists_pos_eventually_phaseRootLogLogCorridor_fourSize_compact_control' depends on axioms: [propext,
 Classical.choice,
 Quot.sound]
ℹ [9006/9038] Built Erdos625.PhaseSignedFourSizeTargetTransport (37s)
info: Erdos625/PhaseSignedFourSizeTargetTransport.lean:185:0: 'Erdos625.real_abs_deficitTarget_sub_center_le' depends on axioms: [propext, Classical.choice, Quot.sound]
info: Erdos625/PhaseSignedFourSizeTargetTransport.lean:186:0: 'Erdos625.eventually_uniform_phaseRootLogLogCorridor_fourSizeTarget_tendsto_center' depends on axioms: [propext,
 Classical.choice,
 Quot.sound]
ℹ [9007/9038] Built Erdos625.PhaseUnrestrictedLogLogCorridorDerivativeLower (38s)
info: Erdos625/PhaseUnrestrictedLogLogCorridorDerivativeLower.lean:87:0: 'Erdos625.eventually_unrestrictedPhaseObjective_deriv_logLogCorridor_lower' depends on axioms: [propext,
 Classical.choice,
 Quot.sound]
ℹ [9008/9038] Built Erdos625.Section9MidpointCanonicalAttachmentTwoRegime (24s)
info: Erdos625/Section9MidpointCanonicalAttachmentTwoRegime.lean:88:0: 'Erdos625.exists_midpointCanonicalAttachment_twoRegime_error' depends on axioms: [propext, Classical.choice, Quot.sound]
ℹ [9009/9038] Built Erdos625.Section8EncodedFullSupportCharge (24s)
info: Erdos625/Section8EncodedFullSupportCharge.lean:254:0: 'Erdos625.profileHighSkeletonWeight_le_fourEndpointEncodedFullSupportCharge' depends on axioms: [propext,
 Classical.choice,
 Quot.sound]
ℹ [9010/9038] Built Erdos625.Section8CoarsePhaseCorridor (27s)
info: Erdos625/Section8CoarsePhaseCorridor.lean:167:0: 'Erdos625.eventually_five_halves_logOrder_le_phaseNat' depends on axioms: [propext, Classical.choice, Quot.sound]
info: Erdos625/Section8CoarsePhaseCorridor.lean:168:0: 'Erdos625.alpha_sub_five_le_fourEndpointOverlapSize' depends on axioms: [propext, Classical.choice, Quot.sound]
info: Erdos625/Section8CoarsePhaseCorridor.lean:169:0: 'Erdos625.three_mul_alpha_sub_nineteen_le_four_mul_endpointBudget' depends on axioms: [propext,
 Classical.choice,
 Quot.sound]
info: Erdos625/Section8CoarsePhaseCorridor.lean:170:0: 'Erdos625.five_fourths_log_sub_le_q_mul_endpointBudget' depends on axioms: [propext, Classical.choice, Quot.sound]
ℹ [9011/9038] Built Erdos625.PhaseSignedFourSizeLogLogCorridorTiltLinear (27s)
info: Erdos625/PhaseSignedFourSizeLogLogCorridorTiltLinear.lean:154:0: 'Erdos625.eventually_abs_phaseRootLogLogCorridor_fourSize_tilt_linear_le_quadratic' depends on axioms: [propext,
 Classical.choice,
 Quot.sound]
✔ [9012/9038] Built Erdos625.PhaseUnrestrictedLogLogCorridorRootExistence (26s)
ℹ [9013/9038] Built Erdos625.PhaseSignedFourSizeFiniteMargin (27s)
info: Erdos625/PhaseSignedFourSizeFiniteMargin.lean:204:0: 'Erdos625.fourEntropyLoss_le_fourTargetRatioLog' depends on axioms: [propext, Classical.choice, Quot.sound]
info: Erdos625/PhaseSignedFourSizeFiniteMargin.lean:205:0: 'Erdos625.continuousOn_fourTargetRatioLog' depends on axioms: [propext, Classical.choice, Quot.sound]
info: Erdos625/PhaseSignedFourSizeFiniteMargin.lean:206:0: 'Erdos625.eventually_finiteSignedFourMargin_gt_log_200_div_153_on_logLogCorridor' depends on axioms: [propext,
 Classical.choice,
 Quot.sound]
ℹ [9014/9038] Built Erdos625.Section8CanonicalFiniteBareSkeletonReduction (22s)
info: Erdos625/Section8CanonicalFiniteBareSkeletonReduction.lean:58:0: 'Erdos625.sum_profileHighSkeletonWeight_le_canonicalDeficitFactor_mul_sum_W' depends on axioms: [propext,
 Classical.choice,
 Quot.sound]
✔ [9015/9038] Built Erdos625.Section8RealizedTableDeficitSum (23s)
ℹ [9016/9038] Built Erdos625.Section8CanonicalThreeQuarterRhoSmallness (24s)
info: Erdos625/Section8CanonicalThreeQuarterRhoSmallness.lean:152:0: 'Erdos625.eventually_fourEndpointThreeQuarterRho_le_one' depends on axioms: [propext, Classical.choice, Quot.sound]
ℹ [9017/9038] Built Erdos625.PhaseSignedFourSizeFiniteMarginBuffered (26s)
info: Erdos625/PhaseSignedFourSizeFiniteMarginBuffered.lean:129:0: 'Erdos625.exists_pos_uniform_finiteSignedFourMargin_buffer_on_logLogCorridor' depends on axioms: [propext,
 Classical.choice,
 Quot.sound]
ℹ [9018/9038] Built Erdos625.PhaseSignedFourSizeLogLogCorridorDerivativeLower (29s)
info: Erdos625/PhaseSignedFourSizeLogLogCorridorDerivativeLower.lean:89:0: 'Erdos625.eventually_signedFourSizeObjectiveDerivative_logLogCorridor_lower' depends on axioms: [propext,
 Classical.choice,
 Quot.sound]
ℹ [9019/9038] Built Erdos625.PhaseSignedFourSizeLogLogCorridorDerivativeUpper (29s)
info: Erdos625/PhaseSignedFourSizeLogLogCorridorDerivativeUpper.lean:64:16: Try this:
  [apply] ring_nf
  
  The `ring` tactic failed to close the goal. Use `ring_nf` to obtain a normal form.
    
  Note that `ring` works primarily in *commutative* rings. If you have a noncommutative ring, abelian group or module, consider using `noncomm_ring`, `abel` or `module` instead.
info: Erdos625/PhaseSignedFourSizeLogLogCorridorDerivativeUpper.lean:163:0: 'Erdos625.fourSizeFiniteEntropy_le_two_q' depends on axioms: [propext, Classical.choice, Quot.sound]
info: Erdos625/PhaseSignedFourSizeLogLogCorridorDerivativeUpper.lean:164:0: 'Erdos625.eventually_signedFourSizeObjectiveDerivative_logLogCorridor_upper' depends on axioms: [propext,
 Classical.choice,
 Quot.sound]
✔ [9020/9038] Built Erdos625.Section8FusedWeightedEndpointRowSum (26s)
ℹ [9021/9038] Built Erdos625.PhaseSignedFourSizeLogLogCorridorRootExistence (19s)
info: Erdos625/PhaseSignedFourSizeLogLogCorridorRootExistence.lean:103:0: 'Erdos625.exists_pos_eventually_existsUnique_phaseSignedFourSizeRoot_logLogCorridor' depends on axioms: [propext,
 Classical.choice,
 Quot.sound]
ℹ [9022/9038] Built Erdos625.PhaseSignedFourSizeLogLogCorridorDerivativeUpperSharp (25s)
info: Erdos625/PhaseSignedFourSizeLogLogCorridorDerivativeUpperSharp.lean:353:0: 'Erdos625.eventually_signedFourSizeObjectiveDerivative_logLogCorridor_upper_sharp' depends on axioms: [propext,
 Classical.choice,
 Quot.sound]
✔ [9023/9038] Built Erdos625.Section8FusedRowAsymptotic (24s)
ℹ [9024/9038] Built Erdos625.PhaseRootSelectors (12s)
info: Erdos625/PhaseRootSelectors.lean:203:0: 'Erdos625.eventually_phaseSignedFourSizeRootSelected_spec_unique' depends on axioms: [propext,
 Classical.choice,
 Quot.sound]
info: Erdos625/PhaseRootSelectors.lean:204:0: 'Erdos625.eventually_unrestrictedPhaseRootSelected_spec_unique' depends on axioms: [propext,
 Classical.choice,
 Quot.sound]
ℹ [9025/9038] Built Erdos625.PhaseRootLogLogCorridorScale (31s)
info: Erdos625/PhaseRootLogLogCorridorScale.lean:151:0: 'Erdos625.eventually_phaseRootLogLogCorridor_part_div_phaseNat_sq_lower' depends on axioms: [propext,
 Classical.choice,
 Quot.sound]
ℹ [9026/9038] Built Erdos625.PhaseSelectedRootSeparation (17s)
info: Erdos625/PhaseSelectedRootSeparation.lean:209:0: 'Erdos625.eventually_selected_phase_roots_separated' depends on axioms: [propext, Classical.choice, Quot.sound]
ℹ [9027/9038] Built Erdos625.Section8ConcretePhaseInputs (17s)
info: Erdos625/Section8ConcretePhaseInputs.lean:100:0: 'Erdos625.eventually_concrete_phase_root_corridor_bounds' depends on axioms: [propext, Classical.choice, Quot.sound]
ℹ [9028/9038] Built Erdos625.PhaseSelectedRootSeparationSharp (26s)
info: Erdos625/PhaseSelectedRootSeparationSharp.lean:237:0: 'Erdos625.exists_phaseRootGapCoefficient_gt_uniformQuarter' depends on axioms: [propext, Classical.choice, Quot.sound]
ℹ [9029/9038] Built Erdos625.Section11ConcreteChromaticLowerTail (23s)
info: Erdos625/Section11ConcreteChromaticLowerTail.lean:367:0: 'Erdos625.eventually_phaseChromaticLowerIndex_pos_and_le' depends on axioms: [propext, Classical.choice, Quot.sound]
info: Erdos625/Section11ConcreteChromaticLowerTail.lean:368:0: 'Erdos625.eventually_profilePhaseObjective_phaseChromaticLowerIndex_le_neg_cubic' depends on axioms: [propext,
 Classical.choice,
 Quot.sound]
info: Erdos625/Section11ConcreteChromaticLowerTail.lean:369:0: 'Erdos625.randomGraphMeasure_chromaticNumberAtMost_phaseChromaticLowerIndex_tendsto_zero' depends on axioms: [propext,
 Classical.choice,
 Quot.sound]
ℹ [9030/9038] Built Erdos625.Section8FixedOffsetPhaseInputs (16s)
info: Erdos625/Section8FixedOffsetPhaseInputs.lean:339:0: 'Erdos625.phaseCochromaticFixedOffsetIndex' depends on axioms: [propext, Classical.choice, Quot.sound]
info: Erdos625/Section8FixedOffsetPhaseInputs.lean:340:0: 'Erdos625.eventually_phaseFixedOffsetCorridorGeometry' depends on axioms: [propext, Classical.choice, Quot.sound]
info: Erdos625/Section8FixedOffsetPhaseInputs.lean:341:0: 'Erdos625.eventually_phaseCochromaticFixedOffsetIndex_cast_bounds' depends on axioms: [propext,
 Classical.choice,
 Quot.sound]
info: Erdos625/Section8FixedOffsetPhaseInputs.lean:342:0: 'Erdos625.eventually_phaseCochromaticFixedOffsetIndex_mem_logLogCorridor' depends on axioms: [propext,
 Classical.choice,
 Quot.sound]
info: Erdos625/Section8FixedOffsetPhaseInputs.lean:343:0: 'Erdos625.eventually_phaseFixedOffsetSegment_subset_logLogCorridor' depends on axioms: [propext,
 Classical.choice,
 Quot.sound]
info: Erdos625/Section8FixedOffsetPhaseInputs.lean:344:0: 'Erdos625.eventually_phaseCochromaticFixedOffsetIndex_target_control' depends on axioms: [propext,
 Classical.choice,
 Quot.sound]
info: Erdos625/Section8FixedOffsetPhaseInputs.lean:345:0: 'Erdos625.exists_eventually_concrete_phase_fixedOffset_root_gap' depends on axioms: [propext,
 Classical.choice,
 Quot.sound]
ℹ [9031/9038] Built Erdos625.Section12FixedOffsetConcreteSignedFirstMoment (13s)
info: Erdos625/Section12FixedOffsetConcreteSignedFirstMoment.lean:335:0: 'Erdos625.eventually_phaseCochromaticFixedOffsetIndex_rounding_admissible' depends on axioms: [propext,
 Classical.choice,
 Quot.sound]
info: Erdos625/Section12FixedOffsetConcreteSignedFirstMoment.lean:336:0: 'Erdos625.eventually_phase_fixedOffset_partialSignedFirstMoment_log_lower' depends on axioms: [propext,
 Classical.choice,
 Quot.sound]
info: Erdos625/Section12FixedOffsetConcreteSignedFirstMoment.lean:337:0: 'Erdos625.phase_fixedOffset_completeSignedFirstMoment_tendsto_atTop' depends on axioms: [propext,
 Classical.choice,
 Quot.sound]
ℹ [9032/9038] Built Erdos625.Section12FixedOffsetPartialDiagonalAssembly (35s)
info: Erdos625/Section12FixedOffsetPartialDiagonalAssembly.lean:1892:0: 'Erdos625.tendsto_phaseFixedOffsetFullCornerSum_zero' depends on axioms: [propext, Classical.choice, Quot.sound]
info: Erdos625/Section12FixedOffsetPartialDiagonalAssembly.lean:1893:0: 'Erdos625.tendsto_sum_fixedOffsetPartialDiagonalWeight' depends on axioms: [propext, Classical.choice, Quot.sound]
ℹ [9033/9038] Built Erdos625.Section12FixedOffsetCanonicalBareSkeletonAsymptotic (18s)
info: Erdos625/Section12FixedOffsetCanonicalBareSkeletonAsymptotic.lean:661:0: 'Erdos625.exists_phaseFixedOffsetCanonicalBareSkeleton_error' depends on axioms: [propext, Classical.choice, Quot.sound]
ℹ [9034/9038] Built Erdos625.Section13GlobalFixedOffsetSeed (12s)
info: Erdos625/Section13GlobalFixedOffsetSeed.lean:290:0: 'Erdos625.exists_phaseCochromaticFixedOffset_real_seed' depends on axioms: [propext, Classical.choice, Quot.sound]
ℹ [9035/9038] Built Erdos625.Section15FinalInstantiation (12s)
info: Erdos625/Section15FinalInstantiation.lean:36:0: 'Erdos625.erdos625' depends on axioms: [propext, Classical.choice, Quot.sound]
ℹ [9036/9038] Built Erdos625.AxiomAudit (13s)
info: Erdos625/AxiomAudit.lean:424:0: 'Erdos625.coColorable_of_induce_and_compl' depends on axioms: [propext, Classical.choice, Quot.sound]
info: Erdos625/AxiomAudit.lean:425:0: 'Erdos625.coColorable_of_induce_and_colorable_compl' depends on axioms: [propext, Classical.choice, Quot.sound]
info: Erdos625/AxiomAudit.lean:426:0: 'Erdos625.coColorable_iff_cochromaticNumber_le' depends on axioms: [propext, Classical.choice, Quot.sound]
info: Erdos625/AxiomAudit.lean:427:0: 'Erdos625.cochromaticNumber_le_chromaticNumber' depends on axioms: [propext, Classical.choice, Quot.sound]
info: Erdos625/AxiomAudit.lean:428:0: 'Erdos625.gapConstant_pos' depends on axioms: [propext, Classical.choice, Quot.sound]
info: Erdos625/AxiomAudit.lean:429:0: 'Erdos625.randomGraphMeasure_singleton' depends on axioms: [propext, Classical.choice, Quot.sound]
info: Erdos625/AxiomAudit.lean:430:0: 'Erdos625.randomGraphMeasure_singleton_uniform' depends on axioms: [propext, Classical.choice, Quot.sound]
info: Erdos625/AxiomAudit.lean:431:0: 'Erdos625.randomGraphMeasure_eq_uniformOn_univ' depends on axioms: [propext, Classical.choice, Quot.sound]
info: Erdos625/AxiomAudit.lean:432:0: 'Erdos625.measurableSet_gapEvent' depends on axioms: [propext, Classical.choice, Quot.sound]
info: Erdos625/AxiomAudit.lean:433:0: 'Erdos625.gapProbability_le_one' depends on axioms: [propext, Classical.choice, Quot.sound]
info: Erdos625/AxiomAudit.lean:434:0: 'Erdos625.erdos625Statement_iff_real' depends on axioms: [propext, Classical.choice, Quot.sound]
info: Erdos625/AxiomAudit.lean:435:0: 'Erdos625.thresholdIntersection_subset_gapEvent' depends on axioms: [propext, Classical.choice, Quot.sound]
info: Erdos625/AxiomAudit.lean:436:0: 'Erdos625.explicitThresholdIntersection_subset_gapEvent' depends on axioms: [propext, Classical.choice, Quot.sound]
info: Erdos625/AxiomAudit.lean:437:0: 'Erdos625.tendsto_measure_inter_one' depends on axioms: [propext, Classical.choice, Quot.sound]
info: Erdos625/AxiomAudit.lean:438:0: 'Erdos625.tendsto_measure_one_of_eventually_subset' depends on axioms: [propext, Classical.choice, Quot.sound]
info: Erdos625/AxiomAudit.lean:439:0: 'Erdos625.fixedThreshold_tail_of_movingThreshold' depends on axioms: [propext, Classical.choice, Quot.sound]
info: Erdos625/AxiomAudit.lean:440:0: 'Erdos625.eventually_explicit_gap_threshold' depends on axioms: [propext, Classical.choice, Quot.sound]
info: Erdos625/AxiomAudit.lean:441:0: 'Erdos625.tendsto_baseScale_atTop_unscaled' depends on axioms: [propext, Classical.choice, Quot.sound]
info: Erdos625/AxiomAudit.lean:442:0: 'Erdos625.tendsto_explicit_gap_scale_atTop' depends on axioms: [propext, Classical.choice, Quot.sound]
info: Erdos625/AxiomAudit.lean:443:0: 'Erdos625.phaseDelta_mem_Ico' depends on axioms: [propext, Classical.choice, Quot.sound]
info: Erdos625/AxiomAudit.lean:444:0: 'Erdos625.mu_succ_div_identity' depends on axioms: [propext, Classical.choice, Quot.sound]
info: Erdos625/AxiomAudit.lean:445:0: 'Erdos625.mu_pred_div_identity' depends on axioms: [propext, Classical.choice, Quot.sound]
info: Erdos625/AxiomAudit.lean:446:0: 'Erdos625.markov_measureReal_le' depends on axioms: [propext, Classical.choice, Quot.sound]
info: Erdos625/AxiomAudit.lean:447:0: 'Erdos625.paleyZygmund_zero' depends on axioms: [propext, Classical.choice, Quot.sound]
info: Erdos625/AxiomAudit.lean:448:0: 'Erdos625.mcdiarmid_two_sided_of_subgaussian' depends on axioms: [propext, Classical.choice, Quot.sound]
info: Erdos625/AxiomAudit.lean:449:0: 'Erdos625.binomialHalf_lowerQuarter_le_exp' depends on axioms: [propext, Classical.choice, Quot.sound]
info: Erdos625/AxiomAudit.lean:450:0: 'Erdos625.exists_vertex_quarter_degree' depends on axioms: [propext, Classical.choice, Quot.sound]
info: Erdos625/AxiomAudit.lean:451:0: 'Erdos625.quarterDense_all_larger_of_all_exact' depends on axioms: [propext, Classical.choice, Quot.sound]
info: Erdos625/AxiomAudit.lean:452:0: 'Erdos625.quarterRecurrence_lowerBound' depends on axioms: [propext, Classical.choice, Quot.sound]
info: Erdos625/AxiomAudit.lean:453:0: 'Erdos625.binomialRandom_map_ncard_edgeSet_singleton' depends on axioms: [propext, Classical.choice, Quot.sound]
info: Erdos625/AxiomAudit.lean:454:0: 'Erdos625.randomGraphMeasure_map_compl' depends on axioms: [propext, Classical.choice, Quot.sound]
info: Erdos625/AxiomAudit.lean:455:0: 'Erdos625.setBernoulli_map_preimage_of_injective' depends on axioms: [propext, Classical.choice, Quot.sound]
info: Erdos625/AxiomAudit.lean:456:0: 'Erdos625.fromEdgeSet_induce_eq_preimage' depends on axioms: [propext, Quot.sound]
info: Erdos625/AxiomAudit.lean:457:0: 'Erdos625.diagSet_compl_preimage_subtype_sym2Map' depends on axioms: [propext, Quot.sound]
info: Erdos625/AxiomAudit.lean:458:0: 'Erdos625.randomGraphMeasure_map_induce' depends on axioms: [propext, Classical.choice, Quot.sound]
info: Erdos625/AxiomAudit.lean:459:0: 'Erdos625.binomialRandom_map_edgeCount' depends on axioms: [propext, Classical.choice, Quot.sound]
info: Erdos625/AxiomAudit.lean:460:0: 'Erdos625.binomialRandom_real_edgeCount_lowerTail' depends on axioms: [propext, Classical.choice, Quot.sound]
info: Erdos625/AxiomAudit.lean:461:0: 'Erdos625.binomialRandom_half_edgeCount_lowerQuarter' depends on axioms: [propext, Classical.choice, Quot.sound]
info: Erdos625/AxiomAudit.lean:462:0: 'Erdos625.randomGraphMeasure_inducedEdgeCount_lowerQuarter' depends on axioms: [propext, Classical.choice, Quot.sound]
info: Erdos625/AxiomAudit.lean:463:0: 'Erdos625.randomGraphMeasure_map_induce_complement' depends on axioms: [propext, Classical.choice, Quot.sound]
info: Erdos625/AxiomAudit.lean:464:0: 'Erdos625.randomGraphMeasure_inducedComplementEdgeCount_lowerQuarter' depends on axioms: [propext,
 Classical.choice,
 Quot.sound]
info: Erdos625/AxiomAudit.lean:465:0: 'Erdos625.measurableSet_cutoffComplementQuarterDensityEvent' depends on axioms: [propext, Classical.choice, Quot.sound]
info: Erdos625/AxiomAudit.lean:466:0: 'Erdos625.inducedComplementLowerQuarterEvent_tail' depends on axioms: [propext, Classical.choice, Quot.sound]
info: Erdos625/AxiomAudit.lean:467:0: 'Erdos625.cutoffComplementQuarterDensityEvent_failure_le_sum' depends on axioms: [propext, Classical.choice, Quot.sound]
info: Erdos625/AxiomAudit.lean:468:0: 'Erdos625.quarterDensityCutoffSubsets_card' depends on axioms: [propext, Classical.choice, Quot.sound]
info: Erdos625/AxiomAudit.lean:469:0: 'Erdos625.cutoffComplementQuarterDensityEvent_failure_le' depends on axioms: [propext, Classical.choice, Quot.sound]
info: Erdos625/AxiomAudit.lean:470:0: 'Erdos625.quarterDensity_choose_two_div_sixteen_lower_bound' depends on axioms: [propext, Classical.choice, Quot.sound]
info: Erdos625/AxiomAudit.lean:471:0: 'Erdos625.quarterDensityCutoff_tendsto_atTop' depends on axioms: [propext, Classical.choice, Quot.sound]
info: Erdos625/AxiomAudit.lean:472:0: 'Erdos625.quarterDensity_eventually_exponent_bound' depends on axioms: [propext, Classical.choice, Quot.sound]
info: Erdos625/AxiomAudit.lean:473:0: 'Erdos625.cutoffComplementQuarterDensityEvent_failure_real_tendsto_zero' depends on axioms: [propext,
 Classical.choice,
 Quot.sound]
info: Erdos625/AxiomAudit.lean:474:0: 'Erdos625.cutoffComplementQuarterDensityEvent_probability_tendsto_one' depends on axioms: [propext,
 Classical.choice,
 Quot.sound]
info: Erdos625/AxiomAudit.lean:475:0: 'Erdos625.cutoffComplementQuarterDensityEvent_quarterDense_exact' depends on axioms: [propext,
 Classical.choice,
 Quot.sound]
info: Erdos625/AxiomAudit.lean:476:0: 'Erdos625.cutoffComplementQuarterDensityEvent_quarterDense_all_larger' depends on axioms: [propext,
 Classical.choice,
 Quot.sound]
info: Erdos625/AxiomAudit.lean:477:0: 'Erdos625.cutoffComplementQuarterDensityEvent_subset_allLargerQuarterDenseEvent' depends on axioms: [propext,
 Classical.choice,
 Quot.sound]
info: Erdos625/AxiomAudit.lean:478:0: 'Erdos625.cutoffComplementAllLargerQuarterDenseEvent_probability_tendsto_one' depends on axioms: [propext,
 Classical.choice,
 Quot.sound]
info: Erdos625/AxiomAudit.lean:479:0: 'Erdos625.quarterChain_shifted_survival_eventually' depends on axioms: [propext, Classical.choice, Quot.sound]
info: Erdos625/AxiomAudit.lean:480:0: 'Erdos625.quarterDensityCutoff_le_quarterChainStart_eventually' depends on axioms: [propext,
 Classical.choice,
 Quot.sound]
info: Erdos625/AxiomAudit.lean:481:0: 'Erdos625.one_le_quarterDensityCutoff_eventually' depends on axioms: [propext, Classical.choice, Quot.sound]
info: Erdos625/AxiomAudit.lean:482:0: 'Erdos625.quarterChainSteps_tendsto_atTop' depends on axioms: [propext, Classical.choice, Quot.sound]
info: Erdos625/AxiomAudit.lean:483:0: 'Erdos625.one_le_quarterChainSteps_eventually' depends on axioms: [propext, Classical.choice, Quot.sound]
info: Erdos625/AxiomAudit.lean:484:0: 'Erdos625.quarterChainSteps_real_lower_bound_eventually' depends on axioms: [propext, Classical.choice, Quot.sound]
info: Erdos625/AxiomAudit.lean:485:0: 'Erdos625.quarterChain_shifted_survival_of_start_le_card' depends on axioms: [propext, Classical.choice, Quot.sound]
info: Erdos625/AxiomAudit.lean:486:0: 'Erdos625.quarterChain_shifted_survival_all_larger_eventually' depends on axioms: [propext,
 Classical.choice,
 Quot.sound]
info: Erdos625/AxiomAudit.lean:487:0: 'Erdos625.quarterDense_neighbor_step' depends on axioms: [propext, Classical.choice, Quot.sound]
info: Erdos625/AxiomAudit.lean:488:0: 'Erdos625.exists_quarterDense_clique_chain' depends on axioms: [propext, Classical.choice, Quot.sound]
info: Erdos625/AxiomAudit.lean:489:0: 'Erdos625.isIndepSet_of_compl_isClique' depends on axioms: [propext, Quot.sound]
info: Erdos625/AxiomAudit.lean:490:0: 'Erdos625.quarterDensity_unionBound_tendsto_zero' depends on axioms: [propext, Classical.choice, Quot.sound]
info: Erdos625/AxiomAudit.lean:491:0: 'Erdos625.simultaneous_induced_chromatic_bound' depends on axioms: [propext, Classical.choice, Quot.sound]
info: Erdos625/AxiomAudit.lean:492:0: 'Erdos625.cutoffComplementAllLargerQuarterDenseEvent_subset_independentBlockEvent' depends on axioms: [propext,
 Classical.choice,
 Quot.sound]
info: Erdos625/AxiomAudit.lean:493:0: 'Erdos625.cutoffComplementAllLargerQuarterDenseEvent_subset_independentBlockEvent_eventually' depends on axioms: [propext,
 Classical.choice,
 Quot.sound]
info: Erdos625/AxiomAudit.lean:494:0: 'Erdos625.quarterChainIndependentBlockEvent_probability_tendsto_one' depends on axioms: [propext,
 Classical.choice,
 Quot.sound]
info: Erdos625/AxiomAudit.lean:495:0: 'Erdos625.chromaticNumberNat_induce_le_of_independentBlockEvent' depends on axioms: [propext,
 Classical.choice,
 Quot.sound]
info: Erdos625/AxiomAudit.lean:496:0: 'Erdos625.quarterChainIndependentBlockFailure_tendsto_zero' depends on axioms: [propext, Classical.choice, Quot.sound]
info: Erdos625/AxiomAudit.lean:497:0: 'Erdos625.quarterChain_greedy_count_real_upper_bound_eventually' depends on axioms: [propext,
 Classical.choice,
 Quot.sound]
info: Erdos625/AxiomAudit.lean:498:0: 'Erdos625.log_le_realCubeRoot_eventually' depends on axioms: [propext, Classical.choice, Quot.sound]
info: Erdos625/AxiomAudit.lean:499:0: 'Erdos625.quarterChainGreedyColorCost_eventually_le_linear_log_plus_cubeRoot' depends on axioms: [propext,
 Classical.choice,
 Quot.sound]
info: Erdos625/AxiomAudit.lean:500:0: 'Erdos625.chromaticNumberNat_induce_le_quarterChainGreedyColorCost' depends on axioms: [propext,
 Classical.choice,
 Quot.sound]
info: Erdos625/AxiomAudit.lean:501:0: 'Erdos625.exists_quarterChainIndependentBlockEvent_subset_linearColoringEvent_eventually' depends on axioms: [propext,
 Classical.choice,
 Quot.sound]
info: Erdos625/AxiomAudit.lean:502:0: 'Erdos625.exists_quarterChainLinearColoringEvent_probability_tendsto_one' depends on axioms: [propext,
 Classical.choice,
 Quot.sound]
info: Erdos625/AxiomAudit.lean:503:0: 'Erdos625.exists_quarterChainLinearColoringEvent_full_control' depends on axioms: [propext,
 Classical.choice,
 Quot.sound]
info: Erdos625/AxiomAudit.lean:504:0: 'Erdos625.amplificationRadius_tendsto_atTop' depends on axioms: [propext, Classical.choice, Quot.sound]
info: Erdos625/AxiomAudit.lean:505:0: 'Erdos625.sqrt_seedTerm_isLittleO' depends on axioms: [propext, Classical.choice, Quot.sound]
info: Erdos625/AxiomAudit.lean:506:0: 'Erdos625.sqrt_radiusTerm_isLittleO' depends on axioms: [propext, Classical.choice, Quot.sound]
info: Erdos625/AxiomAudit.lean:507:0: 'Erdos625.realCubeRoot_isLittleO' depends on axioms: [propext, Classical.choice, Quot.sound]
info: Erdos625/AxiomAudit.lean:508:0: 'Erdos625.one_isLittleO_gapScale' depends on axioms: [propext, Classical.choice, Quot.sound]
info: Erdos625/AxiomAudit.lean:509:0: 'Erdos625.amplificationError_isLittleO_gapBase' depends on axioms: [propext, Classical.choice, Quot.sound]
info: Erdos625/AxiomAudit.lean:510:0: 'Erdos625.failure_probability_le_add_of_two_success_events' depends on axioms: [propext, Classical.choice, Quot.sound]
info: Erdos625/AxiomAudit.lean:511:0: 'Erdos625.capacityDeficitEvent_probability_tendsto_one' depends on axioms: [propext, Classical.choice, Quot.sound]
info: Erdos625/AxiomAudit.lean:512:0: 'Erdos625.cochromaticNumber_le_of_capacityDeficit_and_leftover' depends on axioms: [propext,
 Classical.choice,
 Quot.sound]
info: Erdos625/AxiomAudit.lean:513:0: 'Erdos625.erdos625Statement_of_capacity_leftover_thresholds' depends on axioms: [propext, Classical.choice, Quot.sound]
info: Erdos625/AxiomAudit.lean:514:0: 'Erdos625.quarterChainLeftoverBound_real_upper_bound_eventually' depends on axioms: [propext,
 Classical.choice,
 Quot.sound]
info: Erdos625/AxiomAudit.lean:515:0: 'Erdos625.quarterChainIndependentBlockEvent_subset_simultaneousLeftoverColoringEvent' depends on axioms: [propext,
 Classical.choice,
 Quot.sound]
info: Erdos625/AxiomAudit.lean:516:0: 'Erdos625.quarterChainLeftoverBound_probability_tendsto_one' depends on axioms: [propext, Classical.choice, Quot.sound]
info: Erdos625/AxiomAudit.lean:517:0: 'Erdos625.quarterChainLeftoverBound_compl_probability_le' depends on axioms: [propext, Classical.choice, Quot.sound]
info: Erdos625/AxiomAudit.lean:518:0: 'Erdos625.erdos625Statement_of_capacity_quarterChainLeftover_thresholds' depends on axioms: [propext,
 Classical.choice,
 Quot.sound]
info: Erdos625/AxiomAudit.lean:519:0: 'Erdos625.erdos625Statement_of_capacitySeed_quarterChainLeftover_thresholds' depends on axioms: [propext,
 Classical.choice,
 Quot.sound]
info: Erdos625/AxiomAudit.lean:520:0: 'Erdos625.quarterChainLinearColoringEvent_mono_constant' depends on axioms: [propext, Classical.choice, Quot.sound]
info: Erdos625/AxiomAudit.lean:521:0: 'Erdos625.cochromaticCapacityDeficitRadius_lt_displayed' depends on axioms: [propext, Classical.choice, Quot.sound]
info: Erdos625/AxiomAudit.lean:522:0: 'Erdos625.capacityAmplification_inter_linear_subset_cochromaticUpperEvent' depends on axioms: [propext,
 Classical.choice,
 Quot.sound]
info: Erdos625/AxiomAudit.lean:523:0: 'Erdos625.cochromaticUpperEvent_compl_probability_le_exp_add' depends on axioms: [propext, Classical.choice, Quot.sound]
info: Erdos625/AxiomAudit.lean:524:0: 'Erdos625.exists_uniform_cochromatic_amplification' depends on axioms: [propext, Classical.choice, Quot.sound]
info: Erdos625/AxiomAudit.lean:525:0: 'Erdos625.uniformAmplificationError_amplificationRadius_eq' depends on axioms: [propext, Classical.choice, Quot.sound]
info: Erdos625/AxiomAudit.lean:526:0: 'Erdos625.exp_neg_amplificationRadius_tendsto_zero' depends on axioms: [propext, Classical.choice, Quot.sound]
info: Erdos625/AxiomAudit.lean:527:0: 'Erdos625.tendsto_measure_one_of_compl_real_tendsto_zero' depends on axioms: [propext, Classical.choice, Quot.sound]
info: Erdos625/AxiomAudit.lean:528:0: 'Erdos625.exists_uniform_cochromatic_amplification_at_manuscript_scales' depends on axioms: [propext,
 Classical.choice,
 Quot.sound]
info: Erdos625/AxiomAudit.lean:529:0: 'Erdos625.strictLower_probability_tendsto_one_of_atMost_tendsto_zero' depends on axioms: [propext,
 Classical.choice,
 Quot.sound]
info: Erdos625/AxiomAudit.lean:530:0: 'Erdos625.chromaticLowerEvent_probability_tendsto_one_of_atMost_tendsto_zero' depends on axioms: [propext,
 Classical.choice,
 Quot.sound]
info: Erdos625/AxiomAudit.lean:531:0: 'Erdos625.coColorable_real_seed_of_count' depends on axioms: [propext, Classical.choice, Quot.sound]
info: Erdos625/AxiomAudit.lean:532:0: 'Erdos625.erdos625Statement_of_chromatic_cochromatic_thresholds' depends on axioms: [propext,
 Classical.choice,
 Quot.sound]
info: Erdos625/AxiomAudit.lean:533:0: 'Erdos625.erdos625Statement_of_uniform_seed_and_root' depends on axioms: [propext, Classical.choice, Quot.sound]
info: Erdos625/AxiomAudit.lean:534:0: 'Erdos625.randomGraphMeasure_independentEvent' depends on axioms: [propext, Classical.choice, Quot.sound]
info: Erdos625/AxiomAudit.lean:535:0: 'Erdos625.independentSetExpectation_eq_ofReal_mu' depends on axioms: [propext, Classical.choice, Quot.sound]
info: Erdos625/AxiomAudit.lean:536:0: 'Erdos625.independenceNumberExceedsEvent_eq_countPositive' depends on axioms: [propext, Classical.choice, Quot.sound]
info: Erdos625/AxiomAudit.lean:537:0: 'Erdos625.randomGraphMeasure_independenceNumberExceeds_le_mu_succ' depends on axioms: [propext,
 Classical.choice,
 Quot.sound]
info: Erdos625/AxiomAudit.lean:538:0: 'Erdos625.alphaZero_eq_two_phaseS_div_q_add_one' depends on axioms: [propext, Classical.choice, Quot.sound]
info: Erdos625/AxiomAudit.lean:539:0: 'Erdos625.exists_phaseK_abs_bound' depends on axioms: [propext, Classical.choice, Quot.sound]
info: Erdos625/AxiomAudit.lean:540:0: 'Erdos625.eventually_phaseRangeDomain' depends on axioms: [propext, Classical.choice, Quot.sound]
info: Erdos625/AxiomAudit.lean:541:0: 'Erdos625.phaseNat_isEquivalent_scaled_logOrder' depends on axioms: [propext, Classical.choice, Quot.sound]
info: Erdos625/AxiomAudit.lean:542:0: 'Erdos625.eventually_two_mul_phaseNat_le' depends on axioms: [propext, Classical.choice, Quot.sound]
info: Erdos625/AxiomAudit.lean:543:0: 'Erdos625.log_descFactorial_linear_error_le' depends on axioms: [propext, Classical.choice, Quot.sound]
info: Erdos625/AxiomAudit.lean:544:0: 'Erdos625.stirlingLogRemainder_mem_Icc' depends on axioms: [propext, Classical.choice, Quot.sound]
info: Erdos625/AxiomAudit.lean:545:0: 'Erdos625.log_mu_sub_phaseStirlingMain_abs_le' depends on axioms: [propext, Classical.choice, Quot.sound]
info: Erdos625/AxiomAudit.lean:546:0: 'Erdos625.phaseBracket_sub_main_abs_le' depends on axioms: [propext, Classical.choice, Quot.sound]
info: Erdos625/AxiomAudit.lean:547:0: 'Erdos625.phaseBracket_sub_main_isBigO' depends on axioms: [propext, Classical.choice, Quot.sound]
info: Erdos625/AxiomAudit.lean:548:0: 'Erdos625.phaseStirlingResidual_isBigO_inv_logOrder' depends on axioms: [propext, Classical.choice, Quot.sound]
info: Erdos625/AxiomAudit.lean:549:0: 'Erdos625.phaseMain_algebra_identity' depends on axioms: [propext, Classical.choice, Quot.sound]
info: Erdos625/AxiomAudit.lean:550:0: 'Erdos625.phaseExpansionResidual_isBigO' depends on axioms: [propext, Classical.choice, Quot.sound]
info: Erdos625/AxiomAudit.lean:551:0: 'Erdos625.log_mu_phaseNat_add_two_div_logOrder_sub_phaseDelta_add_two_tendsto_zero' depends on axioms: [propext,
 Classical.choice,
 Quot.sound]
info: Erdos625/AxiomAudit.lean:552:0: 'Erdos625.mu_phaseNat_add_two_tendsto_zero' depends on axioms: [propext, Classical.choice, Quot.sound]
info: Erdos625/AxiomAudit.lean:553:0: 'Erdos625.exists_pos_eventually_mu_phaseNat_sub_two_lower_bound' depends on axioms: [propext,
 Classical.choice,
 Quot.sound]
info: Erdos625/AxiomAudit.lean:554:0: 'Erdos625.randomGraphMeasure_independenceNumberExceeds_phaseNat_add_one_tendsto_zero' depends on axioms: [propext,
 Classical.choice,
 Quot.sound]
info: Erdos625/AxiomAudit.lean:555:0: 'Erdos625.cubeMean_exp_center_le' depends on axioms: [propext, Classical.choice, Quot.sound]
info: Erdos625/AxiomAudit.lean:556:0: 'Erdos625.integral_boolCubePMF_eq_cubeMean' depends on axioms: [propext, Classical.choice, Quot.sound]
info: Erdos625/AxiomAudit.lean:557:0: 'Erdos625.boundedDifferences_hasSubgaussianMGF' depends on axioms: [propext, Classical.choice, Quot.sound]
info: Erdos625/AxiomAudit.lean:558:0: 'Erdos625.boundedDifferences_twoSidedTail' depends on axioms: [propext, Classical.choice, Quot.sound]
info: Erdos625/AxiomAudit.lean:559:0: 'Erdos625.blockMean_succ' depends on axioms: [propext, Classical.choice, Quot.sound]
info: Erdos625/AxiomAudit.lean:560:0: 'Erdos625.integral_blockUniformPMF_eq_blockMean' depends on axioms: [propext, Classical.choice, Quot.sound]
info: Erdos625/AxiomAudit.lean:561:0: 'Erdos625.blockMean_exp_center_le' depends on axioms: [propext, Classical.choice, Quot.sound]
info: Erdos625/AxiomAudit.lean:562:0: 'Erdos625.blockBoundedDifferences_hasSubgaussianMGF' depends on axioms: [propext, Classical.choice, Quot.sound]
info: Erdos625/AxiomAudit.lean:563:0: 'Erdos625.blockBoundedDifferences_twoSidedTail' depends on axioms: [propext, Classical.choice, Quot.sound]
info: Erdos625/AxiomAudit.lean:564:0: 'Erdos625.blockBoundedDifferences_hasSubgaussianMGF_zero' depends on axioms: [propext, Classical.choice, Quot.sound]
info: Erdos625/AxiomAudit.lean:565:0: 'Erdos625.gap_le_sqrt_two_mul_of_exp_neg_le_exp_neg_sq_div' depends on axioms: [propext, Classical.choice, Quot.sound]
info: Erdos625/AxiomAudit.lean:566:0: 'Erdos625.integral_le_const_of_ae_le' depends on axioms: [propext, Classical.choice, Quot.sound]
info: Erdos625/AxiomAudit.lean:567:0: 'Erdos625.measureReal_levelSet_le_centeredUpperTail' depends on axioms: [propext, Classical.choice, Quot.sound]
info: Erdos625/AxiomAudit.lean:568:0: 'Erdos625.rareSeed_gap_le' depends on axioms: [propext, Classical.choice, Quot.sound]
info: Erdos625/AxiomAudit.lean:569:0: 'Erdos625.rareSeed_gap_le_of_hasSubgaussianMGF' depends on axioms: [propext, Classical.choice, Quot.sound]
info: Erdos625/AxiomAudit.lean:570:0: 'Erdos625.vertexBlocksEquiv' depends on axioms: [propext, Classical.choice, Quot.sound]
info: Erdos625/AxiomAudit.lean:571:0: 'Erdos625.card_vertexBlocks' depends on axioms: [propext, Classical.choice, Quot.sound]
info: Erdos625/AxiomAudit.lean:572:0: 'Erdos625.map_vertexBlockMeasure_eq_randomGraphMeasure' depends on axioms: [propext, Classical.choice, Quot.sound]
info: Erdos625/AxiomAudit.lean:573:0: 'Erdos625.blocksToGraph_induce_away_eq' depends on axioms: [propext, Quot.sound]
info: Erdos625/AxiomAudit.lean:574:0: 'Erdos625.randomGraph_vertexBlock_twoSidedTail' depends on axioms: [propext, Classical.choice, Quot.sound]
info: Erdos625/AxiomAudit.lean:575:0: 'Erdos625.integral_randomGraphMeasure_eq_randomGraphBlockExpectation' depends on axioms: [propext,
 Classical.choice,
 Quot.sound]
info: Erdos625/AxiomAudit.lean:576:0: 'Erdos625.CoColoring.pullback' does not depend on any axioms
info: Erdos625/AxiomAudit.lean:577:0: 'Erdos625.cochromaticInducedCapacity_eq_card_iff' depends on axioms: [propext, Classical.choice, Quot.sound]
info: Erdos625/AxiomAudit.lean:578:0: 'Erdos625.cochromaticInducedCapacity_le_add_one_of_induce_away_eq' depends on axioms: [propext,
 Classical.choice,
 Quot.sound]
info: Erdos625/AxiomAudit.lean:579:0: 'Erdos625.cochromaticInducedCapacity_hasBlockOscillation' depends on axioms: [propext, Classical.choice, Quot.sound]
info: Erdos625/AxiomAudit.lean:580:0: 'Erdos625.blockVariance_noninitialUnitOscillation' depends on axioms: [propext, Classical.choice, Quot.sound]
info: Erdos625/AxiomAudit.lean:581:0: 'Erdos625.randomGraph_cochromaticInducedCapacity_upperTail' depends on axioms: [propext, Classical.choice, Quot.sound]
info: Erdos625/AxiomAudit.lean:582:0: 'Erdos625.randomGraph_cochromaticInducedCapacity_twoSidedTail' depends on axioms: [propext,
 Classical.choice,
 Quot.sound]
info: Erdos625/AxiomAudit.lean:583:0: 'Erdos625.exists_cochromaticInducedCapacity_witness' depends on axioms: [propext, Classical.choice, Quot.sound]
info: Erdos625/AxiomAudit.lean:584:0: 'Erdos625.capacity_witness_compl_card' depends on axioms: [propext, Classical.choice, Quot.sound]
info: Erdos625/AxiomAudit.lean:585:0: 'Erdos625.cochromaticNumber_le_add_chromaticNumber_compl' depends on axioms: [propext, Classical.choice, Quot.sound]
info: Erdos625/AxiomAudit.lean:586:0: 'Erdos625.exists_capacity_witness_with_compl_bound' depends on axioms: [propext, Classical.choice, Quot.sound]
info: Erdos625/AxiomAudit.lean:587:0: 'Erdos625.measurable_cochromaticInducedCapacity_real' depends on axioms: [propext, Classical.choice, Quot.sound]
info: Erdos625/AxiomAudit.lean:588:0: 'Erdos625.integrable_cochromaticInducedCapacity_real' depends on axioms: [propext, Classical.choice, Quot.sound]
info: Erdos625/AxiomAudit.lean:589:0: 'Erdos625.cochromaticInducedCapacity_levelSet_eq' depends on axioms: [propext, Classical.choice, Quot.sound]
info: Erdos625/AxiomAudit.lean:590:0: 'Erdos625.cochromaticVarianceProxy_pos' depends on axioms: [propext, Classical.choice, Quot.sound]
info: Erdos625/AxiomAudit.lean:591:0: 'Erdos625.cochromaticSeedGap_le' depends on axioms: [propext, Classical.choice, Quot.sound]
info: Erdos625/AxiomAudit.lean:592:0: 'Erdos625.cochromaticSeedGap_le_simplified' depends on axioms: [propext, Classical.choice, Quot.sound]
info: Erdos625/AxiomAudit.lean:593:0: 'Erdos625.randomGraph_cochromaticInducedCapacity_lowerTail' depends on axioms: [propext, Classical.choice, Quot.sound]
info: Erdos625/AxiomAudit.lean:594:0: 'Erdos625.randomGraph_cochromaticInducedCapacity_failureProbability_le' depends on axioms: [propext,
 Classical.choice,
 Quot.sound]
info: Erdos625/AxiomAudit.lean:595:0: 'Erdos625.randomGraph_cochromaticInducedCapacity_strictFailureProbability_le' depends on axioms: [propext,
 Classical.choice,
 Quot.sound]
info: Erdos625/AxiomAudit.lean:596:0: 'Erdos625.ProfileEntropyS4.sum_weight' depends on axioms: [propext, Classical.choice, Quot.sound]
info: Erdos625/AxiomAudit.lean:597:0: 'Erdos625.ProfileEntropyS4.hasDerivAt_mean' depends on axioms: [propext, Classical.choice, Quot.sound]
info: Erdos625/AxiomAudit.lean:598:0: 'Erdos625.ProfileEntropyS4.variance_pos' depends on axioms: [propext, Classical.choice, Quot.sound]
info: Erdos625/AxiomAudit.lean:599:0: 'Erdos625.ProfileEntropyS4.strictMono_mean' depends on axioms: [propext, Classical.choice, Quot.sound]
info: Erdos625/AxiomAudit.lean:600:0: 'Erdos625.ProfileEntropyS4.tendsto_mean_atBot' depends on axioms: [propext, Classical.choice, Quot.sound]
info: Erdos625/AxiomAudit.lean:601:0: 'Erdos625.ProfileEntropyS4.tendsto_mean_atTop' depends on axioms: [propext, Classical.choice, Quot.sound]
info: Erdos625/AxiomAudit.lean:602:0: 'Erdos625.ProfileEntropyS4.existsUnique_mean_eq_of_mem_Ioo' depends on axioms: [propext, Classical.choice, Quot.sound]
info: Erdos625/AxiomAudit.lean:603:0: 'Erdos625.ProfileEntropyS4.mean_tilt_eq' depends on axioms: [propext, Classical.choice, Quot.sound]
info: Erdos625/AxiomAudit.lean:604:0: 'Erdos625.ProfileEntropyS4.optimizer_isFeasible' depends on axioms: [propext, Classical.choice, Quot.sound]
info: Erdos625/AxiomAudit.lean:605:0: 'Erdos625.ProfileEntropyS4.entropy_score_le_log_partition_sub_tilt_mul_target' depends on axioms: [propext,
 Classical.choice,
 Quot.sound]
info: Erdos625/AxiomAudit.lean:606:0: 'Erdos625.ProfileEntropyS4.optimizer_entropy_score_eq_log_partition_sub_tilt_mul_target' depends on axioms: [propext,
 Classical.choice,
 Quot.sound]
info: Erdos625/AxiomAudit.lean:607:0: 'Erdos625.ProfileEntropyS4.sum_mul_sub_sum_mul_le' depends on axioms: [propext, Classical.choice, Quot.sound]
info: Erdos625/AxiomAudit.lean:608:0: 'Erdos625.ProfileEntropyS4.abs_optimizedValue_sub_optimizedValue_le' depends on axioms: [propext,
 Classical.choice,
 Quot.sound]
info: Erdos625/AxiomAudit.lean:609:0: 'Erdos625.ProfileEntropyS4.tendsto_optimizedValue_of_uniform_scores' depends on axioms: [propext,
 Classical.choice,
 Quot.sound]
info: Erdos625/AxiomAudit.lean:610:0: 'Erdos625.ProfileEntropyS4.eventually_uniformOn_optimizedValue_of_uniform_scores' depends on axioms: [propext,
 Classical.choice,
 Quot.sound]
info: Erdos625/AxiomAudit.lean:611:0: 'Erdos625.ProfileEntropyS4.eventually_uniform_optimizedValue_on_Ioo_of_uniform_scores' depends on axioms: [propext,
 Classical.choice,
 Quot.sound]
info: Erdos625/AxiomAudit.lean:612:0: 'Erdos625.ProfileEntropyS4.tendsto_mean_of_scores_and_parameter' depends on axioms: [propext,
 Classical.choice,
 Quot.sound]
info: Erdos625/AxiomAudit.lean:613:0: 'Erdos625.ProfileEntropyS4.tendsto_tilt_of_scores_and_target' depends on axioms: [propext, Classical.choice, Quot.sound]
info: Erdos625/AxiomAudit.lean:614:0: 'Erdos625.ProfileEntropyS4.tendsto_optimizer_of_scores_and_target' depends on axioms: [propext,
 Classical.choice,
 Quot.sound]
info: Erdos625/AxiomAudit.lean:615:0: 'Erdos625.ProfileEntropyS4.eventually_uniformOn_tilt_of_uniform_scores' depends on axioms: [propext,
 Classical.choice,
 Quot.sound]
info: Erdos625/AxiomAudit.lean:616:0: 'Erdos625.ProfileEntropyS4.eventually_uniformOn_optimizer_of_uniform_scores' depends on axioms: [propext,
 Classical.choice,
 Quot.sound]
info: Erdos625/AxiomAudit.lean:617:0: 'Erdos625.ProfileEntropyS4.exists_uniform_optimizer_lower_bound_on_compact' depends on axioms: [propext,
 Classical.choice,
 Quot.sound]
info: Erdos625/AxiomAudit.lean:618:0: 'Erdos625.ProfileEntropyS4.eventually_uniform_optimizer_pos_on_compact' depends on axioms: [propext,
 Classical.choice,
 Quot.sound]
info: Erdos625/AxiomAudit.lean:619:0: 'Erdos625.ProfileEntropyS4.optimizedValue_mono_scores' depends on axioms: [propext, Classical.choice, Quot.sound]
info: Erdos625/AxiomAudit.lean:620:0: 'Erdos625.signedFourDeficitProfileExpectation_eq' depends on axioms: [propext, Classical.choice, Quot.sound]
info: Erdos625/AxiomAudit.lean:621:0: 'Erdos625.fourSizeFiniteEntropy_eq_gibbs' depends on axioms: [propext, Classical.choice, Quot.sound]
info: Erdos625/AxiomAudit.lean:622:0: 'Erdos625.signedFourSizeObjectiveAtTarget_eq_gibbs' depends on axioms: [propext, Classical.choice, Quot.sound]
info: Erdos625/AxiomAudit.lean:623:0: 'Erdos625.hasDerivAt_signedFourSizeObjective' depends on axioms: [propext, Classical.choice, Quot.sound]
info: Erdos625/AxiomAudit.lean:624:0: 'Erdos625.continuousAt_phaseSignedFourSizeObjective' depends on axioms: [propext, Classical.choice, Quot.sound]
info: Erdos625/AxiomAudit.lean:625:0: 'Erdos625.ColoringProfile.prod_factorial_count_sizes' depends on axioms: [propext, Classical.choice, Quot.sound]
info: Erdos625/AxiomAudit.lean:626:0: 'Erdos625.ColoringProfile.enumerativeCoefficient_mul_coordinateDenominator_eq' depends on axioms: [propext,
 Classical.choice,
 Quot.sound]
info: Erdos625/AxiomAudit.lean:627:0: 'Erdos625.ProfilePartition.ncard_partitionInternalGraph' depends on axioms: [propext, Classical.choice, Quot.sound]
info: Erdos625/AxiomAudit.lean:628:0: 'Erdos625.randomGraphMeasure_partitionColoringEvent' depends on axioms: [propext, Classical.choice, Quot.sound]
info: Erdos625/AxiomAudit.lean:629:0: 'Erdos625.profileColoringExpectation_eq_card_mul' depends on axioms: [propext, Classical.choice, Quot.sound]
info: Erdos625/AxiomAudit.lean:630:0: 'Erdos625.profileColoringExpectation_eq_formula_of_mass' depends on axioms: [propext, Classical.choice, Quot.sound]
info: Erdos625/AxiomAudit.lean:631:0: 'Erdos625.profileColoringExpectation_eq_zero_of_vertexMass_ne' depends on axioms: [propext,
 Classical.choice,
 Quot.sound]
info: Erdos625/AxiomAudit.lean:632:0: 'Erdos625.card_shapeSlot' depends on axioms: [propext, Classical.choice, Quot.sound]
info: Erdos625/AxiomAudit.lean:633:0: 'Erdos625.card_profileDecoration' depends on axioms: [propext, Classical.choice, Quot.sound]
info: Erdos625/AxiomAudit.lean:634:0: 'Erdos625.decoratedProfileInv_map' depends on axioms: [propext, Classical.choice, Quot.sound]
info: Erdos625/AxiomAudit.lean:635:0: 'Erdos625.shapeBlockIndexEquivKernelParts' depends on axioms: [propext, Classical.choice, Quot.sound]
info: Erdos625/AxiomAudit.lean:636:0: 'Erdos625.card_slotBlockPart' depends on axioms: [propext, Classical.choice, Quot.sound]
info: Erdos625/AxiomAudit.lean:637:0: 'Erdos625.partitionShape_slotKernelPartition' depends on axioms: [propext, Classical.choice, Quot.sound]
info: Erdos625/AxiomAudit.lean:638:0: 'Erdos625.profileEnumerationStatement_of_decorationBijection' depends on axioms: [propext, Classical.choice, Quot.sound]
info: Erdos625/AxiomAudit.lean:639:0: 'Erdos625.decoratedProfileEquiv_slotProfileDecoration' depends on axioms: [propext, Classical.choice, Quot.sound]
info: Erdos625/AxiomAudit.lean:640:0: 'Erdos625.slotKernelPartition_decoratedProfileEquiv' depends on axioms: [propext, Classical.choice, Quot.sound]
info: Erdos625/AxiomAudit.lean:641:0: 'Erdos625.profileDecoration_eq_of_equiv_eq' depends on axioms: [propext, Classical.choice, Quot.sound]
info: Erdos625/AxiomAudit.lean:642:0: 'Erdos625.totalProfileDecorationMap_injective' depends on axioms: [propext, Classical.choice, Quot.sound]
info: Erdos625/AxiomAudit.lean:643:0: 'Erdos625.totalProfileDecorationMap_surjective' depends on axioms: [propext, Classical.choice, Quot.sound]
info: Erdos625/AxiomAudit.lean:644:0: 'Erdos625.totalProfileDecorationEquiv' depends on axioms: [propext, Classical.choice, Quot.sound]
info: Erdos625/AxiomAudit.lean:645:0: 'Erdos625.profileDecorationBijectionStatement' depends on axioms: [propext, Classical.choice, Quot.sound]
info: Erdos625/AxiomAudit.lean:646:0: 'Erdos625.profileEnumerationStatement' depends on axioms: [propext, Classical.choice, Quot.sound]
info: Erdos625/AxiomAudit.lean:647:0: 'Erdos625.profileColoringExpectation_eq_formula' depends on axioms: [propext, Classical.choice, Quot.sound]
info: Erdos625/AxiomAudit.lean:648:0: 'Erdos625.ColoringProfile.coordinate_le_vertexMass' depends on axioms: [propext, Classical.choice, Quot.sound]
info: Erdos625/AxiomAudit.lean:649:0: 'Erdos625.mem_coloringProfileBox_of_vertexMass_eq' depends on axioms: [propext, Classical.choice, Quot.sound]
info: Erdos625/AxiomAudit.lean:650:0: 'Erdos625.card_coloringProfileBox' depends on axioms: [propext, Classical.choice, Quot.sound]
info: Erdos625/AxiomAudit.lean:651:0: 'Erdos625.mem_boundedColoringProfiles' depends on axioms: [propext, Classical.choice, Quot.sound]
info: Erdos625/AxiomAudit.lean:652:0: 'Erdos625.card_boundedColoringProfiles_le' depends on axioms: [propext, Classical.choice, Quot.sound]
info: Erdos625/AxiomAudit.lean:653:0: 'Erdos625.boundedProfileColoringExpectation_eq_sum' depends on axioms: [propext, Classical.choice, Quot.sound]
info: Erdos625/AxiomAudit.lean:654:0: 'Erdos625.boundedProfileColoringExpectation_le_box_mul' depends on axioms: [propext, Classical.choice, Quot.sound]
info: Erdos625/AxiomAudit.lean:655:0: 'Erdos625.abs_log_factorial_sub_factorialEntropyMain_le' depends on axioms: [propext, Classical.choice, Quot.sound]
info: Erdos625/AxiomAudit.lean:656:0: 'Erdos625.abs_profileLogFactorialSum_sub_main_le' depends on axioms: [propext, Classical.choice, Quot.sound]
info: Erdos625/AxiomAudit.lean:657:0: 'Erdos625.ColoringProfile.log_enumerativeCoefficient_eq' depends on axioms: [propext, Classical.choice, Quot.sound]
info: Erdos625/AxiomAudit.lean:658:0: 'Erdos625.log_profileColoringExpectation_toReal_eq_profileLogWeight' depends on axioms: [propext,
 Classical.choice,
 Quot.sound]
info: Erdos625/AxiomAudit.lean:659:0: 'Erdos625.boundedProfileColoringCount_pos_iff' depends on axioms: [propext, Classical.choice, Quot.sound]
info: Erdos625/AxiomAudit.lean:660:0: 'Erdos625.profileColoringExpectation_le_of_stirlingUpperMain_add_error_le' depends on axioms: [propext,
 Classical.choice,
 Quot.sound]
info: Erdos625/AxiomAudit.lean:661:0: 'Erdos625.boundedProfileColoringExpectation_le_box_mul_exp' depends on axioms: [propext, Classical.choice, Quot.sound]
info: Erdos625/AxiomAudit.lean:662:0: 'Erdos625.profileDiscreteObjective_eq_profileManuscriptObjective' depends on axioms: [propext,
 Classical.choice,
 Quot.sound]
info: Erdos625/AxiomAudit.lean:663:0: 'Erdos625.profileStirlingUpperMain_eq_profileDiscreteObjective' depends on axioms: [propext,
 Classical.choice,
 Quot.sound]
info: Erdos625/AxiomAudit.lean:664:0: 'Erdos625.RealColoringProfile.isFeasible_ofNat' depends on axioms: [propext, Classical.choice, Quot.sound]
info: Erdos625/AxiomAudit.lean:665:0: 'Erdos625.profileRealObjective_ofNat' depends on axioms: [propext, Classical.choice, Quot.sound]
info: Erdos625/AxiomAudit.lean:666:0: 'Erdos625.ennreal_boxMultiplicity_eq_ofReal' depends on axioms: [propext, Classical.choice, Quot.sound]
info: Erdos625/AxiomAudit.lean:667:0: 'Erdos625.boundedProfileColoringExpectation_le_variationalEnvelope' depends on axioms: [propext,
 Classical.choice,
 Quot.sound]
info: Erdos625/AxiomAudit.lean:668:0: 'Erdos625.boundedProfileColoringExpectation_le_of_continuousRelaxation' depends on axioms: [propext,
 Classical.choice,
 Quot.sound]
info: Erdos625/AxiomAudit.lean:669:0: 'Erdos625.profileDualPartition_pos' depends on axioms: [propext, Classical.choice, Quot.sound]
info: Erdos625/AxiomAudit.lean:670:0: 'Erdos625.sum_profile_relativeEntropy_le_zero' depends on axioms: [propext, Classical.choice, Quot.sound]
info: Erdos625/AxiomAudit.lean:671:0: 'Erdos625.profileRealObjective_le_profileDualUpper' depends on axioms: [propext, Classical.choice, Quot.sound]
info: Erdos625/AxiomAudit.lean:672:0: 'Erdos625.profileDiscreteObjective_le_profileDualUpper' depends on axioms: [propext, Classical.choice, Quot.sound]
info: Erdos625/AxiomAudit.lean:673:0: 'Erdos625.boundedProfileColoringExpectation_le_profileDualUpper' depends on axioms: [propext,
 Classical.choice,
 Quot.sound]
info: Erdos625/AxiomAudit.lean:674:0: 'Erdos625.hasDerivAt_log_profileDualPartition' depends on axioms: [propext, Classical.choice, Quot.sound]
info: Erdos625/AxiomAudit.lean:675:0: 'Erdos625.hasDerivAt_profileDualUpper' depends on axioms: [propext, Classical.choice, Quot.sound]
info: Erdos625/AxiomAudit.lean:676:0: 'Erdos625.hasDerivAt_profileDualMean' depends on axioms: [propext, Classical.choice, Quot.sound]
info: Erdos625/AxiomAudit.lean:677:0: 'Erdos625.profileDualVariance_pos' depends on axioms: [propext, Classical.choice, Quot.sound]
info: Erdos625/AxiomAudit.lean:678:0: 'Erdos625.strictMono_deriv_profileDualUpper' depends on axioms: [propext, Classical.choice, Quot.sound]
info: Erdos625/AxiomAudit.lean:679:0: 'Erdos625.existsUnique_profileDualMean_eq_of_mem_Ioo' depends on axioms: [propext, Classical.choice, Quot.sound]
info: Erdos625/AxiomAudit.lean:680:0: 'Erdos625.profileDualUpper_isGreatest_profileRealObjective' depends on axioms: [propext, Classical.choice, Quot.sound]
info: Erdos625/AxiomAudit.lean:681:0: 'Erdos625.profileDualMean_eq_iff_profileDeficitMean_eq' depends on axioms: [propext, Classical.choice, Quot.sound]
info: Erdos625/AxiomAudit.lean:682:0: 'Erdos625.profileDualUpper_eq_deficitCentered' depends on axioms: [propext, Classical.choice, Quot.sound]
info: Erdos625/AxiomAudit.lean:683:0: 'Erdos625.hasDerivAt_profileDualTilt' depends on axioms: [propext, Classical.choice, Quot.sound]
info: Erdos625/AxiomAudit.lean:684:0: 'Erdos625.profileDualOptimalValue_isGreatest_profileRealObjective' depends on axioms: [propext,
 Classical.choice,
 Quot.sound]
info: Erdos625/AxiomAudit.lean:685:0: 'Erdos625.hasDerivAt_profileDualOptimalValue_parts' depends on axioms: [propext, Classical.choice, Quot.sound]
info: Erdos625/AxiomAudit.lean:686:0: 'Erdos625.profileDeficitResidualScore_last' depends on axioms: [propext, Classical.choice, Quot.sound]
info: Erdos625/AxiomAudit.lean:687:0: 'Erdos625.profileDeficitResidualScore_le_gaussian' depends on axioms: [propext, Classical.choice, Quot.sound]
info: Erdos625/AxiomAudit.lean:688:0: 'Erdos625.tendsto_log_descFactorial_sub_mul_log' depends on axioms: [propext, Classical.choice, Quot.sound]
info: Erdos625/AxiomAudit.lean:689:0: 'Erdos625.fourDeficit_zero' depends on axioms: [propext]
info: Erdos625/AxiomAudit.lean:690:0: 'Erdos625.fourDeficit_one' depends on axioms: [propext]
info: Erdos625/AxiomAudit.lean:691:0: 'Erdos625.fourDeficit_two' depends on axioms: [propext]
info: Erdos625/AxiomAudit.lean:692:0: 'Erdos625.fourDeficit_three' depends on axioms: [propext]
info: Erdos625/AxiomAudit.lean:693:0: 'Erdos625.fourDeficit_cast_eq_support' depends on axioms: [propext, Classical.choice, Quot.sound]
info: Erdos625/AxiomAudit.lean:694:0: 'Erdos625.profileDeficitResidualScore_rev_succ_eq_fourDeficitScore' depends on axioms: [propext,
 Classical.choice,
 Quot.sound]
info: Erdos625/AxiomAudit.lean:695:0: 'Erdos625.tendsto_fourDeficitScore' depends on axioms: [propext, Classical.choice, Quot.sound]
info: Erdos625/AxiomAudit.lean:696:0: 'Erdos625.eventually_uniform_fourDeficitScore' depends on axioms: [propext, Classical.choice, Quot.sound]
info: Erdos625/AxiomAudit.lean:697:0: 'Erdos625.eventually_uniform_fourDeficitOptimizedValue' depends on axioms: [propext, Classical.choice, Quot.sound]
info: Erdos625/AxiomAudit.lean:698:0: 'Erdos625.uniform_four_size_tilt_corridor' depends on axioms: [propext, Classical.choice, Quot.sound]
info: Erdos625/AxiomAudit.lean:699:0: 'Erdos625.uniform_four_size_tilt_corridor_for_delta' depends on axioms: [propext, Classical.choice, Quot.sound]
info: Erdos625/AxiomAudit.lean:700:0: 'Erdos625.uniform_four_size_partition_ratio' depends on axioms: [propext, Classical.choice, Quot.sound]
info: Erdos625/AxiomAudit.lean:701:0: 'Erdos625.uniform_four_size_partition_ratio_for_delta' depends on axioms: [propext, Classical.choice, Quot.sound]
info: Erdos625/AxiomAudit.lean:702:0: 'Erdos625.gaussian_abs_tilt_domination' depends on axioms: [propext, Classical.choice, Quot.sound]
info: Erdos625/AxiomAudit.lean:703:0: 'Erdos625.finiteTiltedGaussianTail_le' depends on axioms: [propext, Classical.choice, Quot.sound]
info: Erdos625/AxiomAudit.lean:704:0: 'Erdos625.finiteTiltedGaussianFirstMomentTail_le' depends on axioms: [propext, Classical.choice, Quot.sound]
info: Erdos625/AxiomAudit.lean:705:0: 'Erdos625.tsum_cast_sq_mul_pow' depends on axioms: [propext, Classical.choice, Quot.sound]
info: Erdos625/AxiomAudit.lean:706:0: 'Erdos625.sum_Ico_cast_sq_mul_pow_le_geometric_tail' depends on axioms: [propext, Classical.choice, Quot.sound]
info: Erdos625/AxiomAudit.lean:707:0: 'Erdos625.finiteTiltedGaussianSecondMomentTail_le' depends on axioms: [propext, Classical.choice, Quot.sound]
info: Erdos625/AxiomAudit.lean:708:0: 'Erdos625.summable_tiltedGaussian_moments' depends on axioms: [propext, Classical.choice, Quot.sound]
info: Erdos625/AxiomAudit.lean:709:0: 'Erdos625.summable_extendedGaussianNaturalTerm' depends on axioms: [propext, Classical.choice, Quot.sound]
info: Erdos625/AxiomAudit.lean:710:0: 'Erdos625.summable_extendedGaussianFirstMoment' depends on axioms: [propext, Classical.choice, Quot.sound]
info: Erdos625/AxiomAudit.lean:711:0: 'Erdos625.summable_extendedGaussianSecondMoment' depends on axioms: [propext, Classical.choice, Quot.sound]
info: Erdos625/AxiomAudit.lean:712:0: 'Erdos625.one_lt_extendedGaussianPartition' depends on axioms: [propext, Classical.choice, Quot.sound]
info: Erdos625/AxiomAudit.lean:713:0: 'Erdos625.extendedGaussianRawVariance_eq_moment_quotients' depends on axioms: [propext, Classical.choice, Quot.sound]
info: Erdos625/AxiomAudit.lean:714:0: 'Erdos625.hasDerivAt_extendedGaussianPartition' depends on axioms: [propext, Classical.choice, Quot.sound]
info: Erdos625/AxiomAudit.lean:715:0: 'Erdos625.hasDerivAt_extendedGaussianFirstNumerator' depends on axioms: [propext, Classical.choice, Quot.sound]
info: Erdos625/AxiomAudit.lean:716:0: 'Erdos625.hasDerivAt_extendedGaussianMean' depends on axioms: [propext, Classical.choice, Quot.sound]
info: Erdos625/AxiomAudit.lean:717:0: 'Erdos625.extendedGaussianNatural_cauchySchwarz' depends on axioms: [propext, Classical.choice, Quot.sound]
info: Erdos625/AxiomAudit.lean:718:0: 'Erdos625.extendedGaussianRawVariance_pos' depends on axioms: [propext, Classical.choice, Quot.sound]
info: Erdos625/AxiomAudit.lean:719:0: 'Erdos625.differentiable_extendedGaussianMean' depends on axioms: [propext, Classical.choice, Quot.sound]
info: Erdos625/AxiomAudit.lean:720:0: 'Erdos625.continuous_extendedGaussianMean' depends on axioms: [propext, Classical.choice, Quot.sound]
info: Erdos625/AxiomAudit.lean:721:0: 'Erdos625.strictMono_extendedGaussianMean' depends on axioms: [propext, Classical.choice, Quot.sound]
info: Erdos625/AxiomAudit.lean:722:0: 'Erdos625.tendsto_extendedGaussianMean_atBot' depends on axioms: [propext, Classical.choice, Quot.sound]
info: Erdos625/AxiomAudit.lean:723:0: 'Erdos625.tendsto_extendedGaussianMean_atTop' depends on axioms: [propext, Classical.choice, Quot.sound]
info: Erdos625/AxiomAudit.lean:724:0: 'Erdos625.exists_ordered_mean_bracket' depends on axioms: [propext, Classical.choice, Quot.sound]
info: Erdos625/AxiomAudit.lean:725:0: 'Erdos625.existsUnique_eq_of_strictMono_endpoint_limits' depends on axioms: [propext, Classical.choice, Quot.sound]
info: Erdos625/AxiomAudit.lean:726:0: 'Erdos625.exists_ordered_extendedGaussianMean_bracket' depends on axioms: [propext, Classical.choice, Quot.sound]
info: Erdos625/AxiomAudit.lean:727:0: 'Erdos625.existsUnique_extendedGaussianMean_eq' depends on axioms: [propext, Classical.choice, Quot.sound]
info: Erdos625/AxiomAudit.lean:728:0: 'Erdos625.tendsto_tsum_of_norm_le_summable' depends on axioms: [propext, Classical.choice, Quot.sound]
info: Erdos625/AxiomAudit.lean:729:0: 'Erdos625.tsum_eq_sum_range_of_eq_zero' depends on axioms: [propext, Classical.choice, Quot.sound]
info: Erdos625/AxiomAudit.lean:730:0: 'Erdos625.tendstoUniformlyOn_exp_affine_add_of_tendsto' depends on axioms: [propext, Classical.choice, Quot.sound]
info: Erdos625/AxiomAudit.lean:731:0: 'Erdos625.tendstoUniformlyOn_tsum_of_uniform_coordinate_limits' depends on axioms: [propext,
 Classical.choice,
 Quot.sound]
info: Erdos625/AxiomAudit.lean:732:0: 'Erdos625.tendstoUniformlyOn_div_of_denominator_ge' depends on axioms: [propext, Classical.choice, Quot.sound]
info: Erdos625/AxiomAudit.lean:733:0: 'Erdos625.one_le_profileDeficitPartition' depends on axioms: [propext, Classical.choice, Quot.sound]
info: Erdos625/AxiomAudit.lean:734:0: 'Erdos625.profileDeficitPartition_le_gaussianEnvelope' depends on axioms: [propext, Classical.choice, Quot.sound]
info: Erdos625/AxiomAudit.lean:735:0: 'Erdos625.profileDeficitSecondNumerator_le_gaussianEnvelope' depends on axioms: [propext, Classical.choice, Quot.sound]
info: Erdos625/AxiomAudit.lean:736:0: 'Erdos625.profileDeficitSecondMoment_le_gaussianEnvelope' depends on axioms: [propext, Classical.choice, Quot.sound]
info: Erdos625/AxiomAudit.lean:737:0: 'Erdos625.abs_profileDeficitMean_le_gaussianEnvelope' depends on axioms: [propext, Classical.choice, Quot.sound]
info: Erdos625/AxiomAudit.lean:738:0: 'Erdos625.tendsto_profileDeficitNaturalTerm' depends on axioms: [propext, Classical.choice, Quot.sound]
info: Erdos625/AxiomAudit.lean:739:0: 'Erdos625.tendsto_profileDeficitExceptionalTerm' depends on axioms: [propext, Classical.choice, Quot.sound]
info: Erdos625/AxiomAudit.lean:740:0: 'Erdos625.tendsto_profileDeficitNaturalFirstMomentTerm' depends on axioms: [propext, Classical.choice, Quot.sound]
info: Erdos625/AxiomAudit.lean:741:0: 'Erdos625.tendsto_profileDeficitNaturalSecondMomentTerm' depends on axioms: [propext, Classical.choice, Quot.sound]
info: Erdos625/AxiomAudit.lean:742:0: 'Erdos625.tendsto_profileDeficitPartition' depends on axioms: [propext, Classical.choice, Quot.sound]
info: Erdos625/AxiomAudit.lean:743:0: 'Erdos625.tendsto_profileDeficitFirstNumerator' depends on axioms: [propext, Classical.choice, Quot.sound]
info: Erdos625/AxiomAudit.lean:744:0: 'Erdos625.tendsto_profileDeficitSecondNumerator' depends on axioms: [propext, Classical.choice, Quot.sound]
info: Erdos625/AxiomAudit.lean:745:0: 'Erdos625.tendsto_profileDeficitMean' depends on axioms: [propext, Classical.choice, Quot.sound]
info: Erdos625/AxiomAudit.lean:746:0: 'Erdos625.tendstoUniformlyOn_profileDeficitPartition' depends on axioms: [propext, Classical.choice, Quot.sound]
info: Erdos625/AxiomAudit.lean:747:0: 'Erdos625.tendstoUniformlyOn_profileDeficitFirstNumerator' depends on axioms: [propext, Classical.choice, Quot.sound]
info: Erdos625/AxiomAudit.lean:748:0: 'Erdos625.tendstoUniformlyOn_profileDeficitSecondNumerator' depends on axioms: [propext, Classical.choice, Quot.sound]
info: Erdos625/AxiomAudit.lean:749:0: 'Erdos625.tendstoUniformlyOn_profileDeficitMean' depends on axioms: [propext, Classical.choice, Quot.sound]
info: Erdos625/AxiomAudit.lean:750:0: 'Erdos625.profileDeficitMean_profileDeficitTilt' depends on axioms: [propext, Classical.choice, Quot.sound]
info: Erdos625/AxiomAudit.lean:751:0: 'Erdos625.exists_eventually_forall_mem_Icc_abs_profileDeficitTilt_le' depends on axioms: [propext,
 Classical.choice,
 Quot.sound]
info: Erdos625/AxiomAudit.lean:752:0: 'Erdos625.hasDerivAt_profileDeficitMean' depends on axioms: [propext, Classical.choice, Quot.sound]
info: Erdos625/AxiomAudit.lean:753:0: 'Erdos625.tendstoUniformlyOn_profileDeficitVariance' depends on axioms: [propext, Classical.choice, Quot.sound]
info: Erdos625/AxiomAudit.lean:754:0: 'Erdos625.exists_pos_lower_bound_on_Icc' depends on axioms: [propext, Classical.choice, Quot.sound]
info: Erdos625/AxiomAudit.lean:755:0: 'Erdos625.uniform_inverse_close_of_lower_separation' depends on axioms: [propext, Classical.choice, Quot.sound]
info: Erdos625/AxiomAudit.lean:756:0: 'Erdos625.weighted_variance_eq_raw' depends on axioms: [propext, Classical.choice, Quot.sound]
info: Erdos625/AxiomAudit.lean:757:0: 'Erdos625.hasDerivAt_of_reflected_centering' depends on axioms: [propext, Classical.choice, Quot.sound]
info: Erdos625/AxiomAudit.lean:758:0: 'Erdos625.normalized_raw_variance_stability' depends on axioms: [propext, Classical.choice, Quot.sound]
info: Erdos625/AxiomAudit.lean:759:0: 'Erdos625.extendedGaussianMean_extendedGaussianTilt' depends on axioms: [propext, Classical.choice, Quot.sound]
info: Erdos625/AxiomAudit.lean:760:0: 'Erdos625.exists_abs_extendedGaussianTilt_le_on_compact' depends on axioms: [propext, Classical.choice, Quot.sound]
info: Erdos625/AxiomAudit.lean:761:0: 'Erdos625.exists_pos_extendedGaussianRawVariance_lower_bound_on_Icc' depends on axioms: [propext,
 Classical.choice,
 Quot.sound]
info: Erdos625/AxiomAudit.lean:762:0: 'Erdos625.extendedGaussianMean_lower_separation_on_Icc' depends on axioms: [propext, Classical.choice, Quot.sound]
info: Erdos625/AxiomAudit.lean:763:0: 'Erdos625.tendstoUniformlyOn_profileDeficitTilt' depends on axioms: [propext, Classical.choice, Quot.sound]
info: Erdos625/AxiomAudit.lean:764:0: 'Erdos625.tendsto_log_nat_div_nat_add_one' depends on axioms: [propext, Classical.choice, Quot.sound]
info: Erdos625/AxiomAudit.lean:765:0: 'Erdos625.abs_div_sub_div_le_of_denominator_ge' depends on axioms: [propext, Classical.choice, Quot.sound]
info: Erdos625/AxiomAudit.lean:766:0: 'Erdos625.hasDerivAt_mul_comp_div' depends on axioms: [propext, Classical.choice, Quot.sound]
info: Erdos625/AxiomAudit.lean:767:0: 'Erdos625.hasDerivAt_mul_comp_div_add_const_and_lower' depends on axioms: [propext, Classical.choice, Quot.sound]
info: Erdos625/AxiomAudit.lean:768:0: 'Erdos625.existsUnique_root_mem_Ioo_of_strictAntiOn' depends on axioms: [propext, Classical.choice, Quot.sound]
info: Erdos625/AxiomAudit.lean:769:0: 'Erdos625.existsUnique_root_mem_corridor_of_center_bound_deriv_upper' depends on axioms: [propext,
 Classical.choice,
 Quot.sound]
info: Erdos625/AxiomAudit.lean:770:0: 'Erdos625.derivative_lower_bound_mul_sub_le_sub' depends on axioms: [propext, Classical.choice, Quot.sound]
info: Erdos625/AxiomAudit.lean:771:0: 'Erdos625.tilt_mem_Ioo_of_strictMono_mean_eq' depends on axioms: [propext, Classical.choice, Quot.sound]
info: Erdos625/AxiomAudit.lean:772:0: 'Erdos625.rounded_left_value_le' depends on axioms: [propext, Classical.choice, Quot.sound]
info: Erdos625/AxiomAudit.lean:773:0: 'Erdos625.sum_labelingFiberCount' depends on axioms: [propext, Classical.choice, Quot.sound]
info: Erdos625/AxiomAudit.lean:774:0: 'Erdos625.card_labelingFiber' depends on axioms: [propext, Classical.choice, Quot.sound]
info: Erdos625/AxiomAudit.lean:775:0: 'Erdos625.sigmaEquivOfFiberOrders_apply' depends on axioms: [propext, Classical.choice, Quot.sound]
info: Erdos625/AxiomAudit.lean:776:0: 'Erdos625.card_fixedFiberLabeling_mul_factorials' depends on axioms: [propext, Classical.choice, Quot.sound]
info: Erdos625/AxiomAudit.lean:777:0: 'Erdos625.restricted_labelingFiberCount_eq_orderedOverlapCount' depends on axioms: [propext,
 Classical.choice,
 Quot.sound]
info: Erdos625/AxiomAudit.lean:778:0: 'Erdos625.sum_orderedOverlapCount_row' depends on axioms: [propext, Classical.choice, Quot.sound]
info: Erdos625/AxiomAudit.lean:779:0: 'Erdos625.orderedOverlapCount_comm' depends on axioms: [propext, Quot.sound]
info: Erdos625/AxiomAudit.lean:780:0: 'Erdos625.sum_orderedOverlapCount_column' depends on axioms: [propext, Classical.choice, Quot.sound]
info: Erdos625/AxiomAudit.lean:781:0: 'Erdos625.card_fixedMarginOverlapEvent' depends on axioms: [propext, Classical.choice, Quot.sound]
info: Erdos625/AxiomAudit.lean:782:0: 'Erdos625.card_orderedOverlapLabeling_mul_factorials' depends on axioms: [propext, Classical.choice, Quot.sound]
info: Erdos625/AxiomAudit.lean:783:0: 'Erdos625.card_orderedOverlapLabeling_probability_identity' depends on axioms: [propext, Classical.choice, Quot.sound]
info: Erdos625/AxiomAudit.lean:784:0: 'Erdos625.orderedOverlapLabeling_probability_eq' depends on axioms: [propext, Classical.choice, Quot.sound]
info: Erdos625/AxiomAudit.lean:785:0: 'Erdos625.fixedMarginOverlapEvent_probability_eq' depends on axioms: [propext, Classical.choice, Quot.sound]
info: Erdos625/AxiomAudit.lean:786:0: 'Erdos625.fixedFiberLabelingOverlapTableEquiv' depends on axioms: [propext, Classical.choice, Quot.sound]
info: Erdos625/AxiomAudit.lean:787:0: 'Erdos625.card_fixedFiberLabeling_eq_sum_card_fixedMarginOverlapEvent' depends on axioms: [propext,
 Classical.choice,
 Quot.sound]
info: Erdos625/AxiomAudit.lean:788:0: 'Erdos625.boundedFixedMarginTable_probability_eq' depends on axioms: [propext, Classical.choice, Quot.sound]
info: Erdos625/AxiomAudit.lean:789:0: 'Erdos625.randomGraphMeasure_signedProfileWitnessEvent' depends on axioms: [propext, Classical.choice, Quot.sound]
info: Erdos625/AxiomAudit.lean:790:0: 'Erdos625.signedProfileExpectation_eq' depends on axioms: [propext, Classical.choice, Quot.sound]
info: Erdos625/AxiomAudit.lean:791:0: 'Erdos625.signedProfileCount_pos_implies_coColorable' depends on axioms: [propext, Classical.choice, Quot.sound]
info: Erdos625/AxiomAudit.lean:792:0: 'Erdos625.card_labeledProfilePartition_eq_orderedProfilePartition_all' depends on axioms: [propext,
 Classical.choice,
 Quot.sound]
info: Erdos625/AxiomAudit.lean:793:0: 'Erdos625.labeledProfilePartitionEquivOrdered' depends on axioms: [propext, Classical.choice, Quot.sound]
info: Erdos625/AxiomAudit.lean:794:0: 'Erdos625.orderedSignedProfileCount_eq_coordinateMultiplier' depends on axioms: [propext, Classical.choice, Quot.sound]
info: Erdos625/AxiomAudit.lean:795:0: 'Erdos625.labeledProfilePartitionEquivOrderedSemantic' depends on axioms: [propext, Classical.choice, Quot.sound]
info: Erdos625/AxiomAudit.lean:796:0: 'Erdos625.profileSignValid_iff_orderedSlotSignValid_labeled' depends on axioms: [propext, Classical.choice, Quot.sound]
info: Erdos625/AxiomAudit.lean:797:0: 'Erdos625.profileSignValid_iff_orderedSlotSignValid_kernel' depends on axioms: [propext, Classical.choice, Quot.sound]
info: Erdos625/AxiomAudit.lean:798:0: 'Erdos625.orderedOverlapCount_eq_profileOverlapCellCount' depends on axioms: [propext, Classical.choice, Quot.sound]
info: Erdos625/AxiomAudit.lean:799:0: 'Erdos625.randomGraphMeasure_mixedEdgePrescriptionEvent' depends on axioms: [propext, Classical.choice, Quot.sound]
info: Erdos625/AxiomAudit.lean:800:0: 'Erdos625.ncard_profilePartitionInternalGraph_edgeSet_inter' depends on axioms: [propext, Classical.choice, Quot.sound]
info: Erdos625/AxiomAudit.lean:801:0: 'Erdos625.ncard_profilePartitionInternalGraph_edgeSet_union' depends on axioms: [propext, Classical.choice, Quot.sound]
info: Erdos625/AxiomAudit.lean:802:0: 'Erdos625.signedOverlapLocalFactor_cross' depends on axioms: [propext, Classical.choice, Quot.sound]
info: Erdos625/AxiomAudit.lean:803:0: 'Erdos625.signedOverlapLocalFactor_div_pow_eq_reward_rat' depends on axioms: [propext, Classical.choice, Quot.sound]
info: Erdos625/AxiomAudit.lean:804:0: 'Erdos625.signedOverlapLocalFactor_div_pow_eq_pow_exponent_rat' depends on axioms: [propext,
 Classical.choice,
 Quot.sound]
info: Erdos625/AxiomAudit.lean:805:0: 'Erdos625.compatiblePairSignAssignmentsEquivOverlap' depends on axioms: [propext, Classical.choice, Quot.sound]
info: Erdos625/AxiomAudit.lean:806:0: 'Erdos625.natCard_compatiblePairSignAssignments_eq_two_pow_components' depends on axioms: [propext,
 Classical.choice,
 Quot.sound]
info: Erdos625/AxiomAudit.lean:807:0: 'Erdos625.signedProfilePair_prescriptions_disjoint_iff_compatible' depends on axioms: [propext,
 Classical.choice,
 Quot.sound]
info: Erdos625/AxiomAudit.lean:808:0: 'Erdos625.signedProfilePairEvent_eq_empty_of_incompatible' depends on axioms: [propext, Classical.choice, Quot.sound]
info: Erdos625/AxiomAudit.lean:809:0: 'Erdos625.randomGraphMeasure_signedProfilePairEvent_of_compatible' depends on axioms: [propext,
 Classical.choice,
 Quot.sound]
info: Erdos625/AxiomAudit.lean:810:0: 'Erdos625.signedProfilePairMassSum_eq_compatibleCard_mul' depends on axioms: [propext, Classical.choice, Quot.sound]
info: Erdos625/AxiomAudit.lean:811:0: 'Erdos625.signedProfilePairMassSum_mul_two_pow_forbiddenEdges' depends on axioms: [propext,
 Classical.choice,
 Quot.sound]
info: Erdos625/AxiomAudit.lean:812:0: 'Erdos625.boundedOverlapTableProbability_eq_factorialLaw' depends on axioms: [propext, Classical.choice, Quot.sound]
info: Erdos625/AxiomAudit.lean:813:0: 'Erdos625.sum_boundedOverlapTableProbability_eq_one' depends on axioms: [propext, Classical.choice, Quot.sound]
info: Erdos625/AxiomAudit.lean:814:0: 'Erdos625.signedSecondMomentTableSum_eq_factorial_reward_sum' depends on axioms: [propext, Classical.choice, Quot.sound]
info: Erdos625/AxiomAudit.lean:815:0: 'Erdos625.card_profileBlockIndex' depends on axioms: [propext, Classical.choice, Quot.sound]
info: Erdos625/AxiomAudit.lean:816:0: 'Erdos625.profileOverlapTable_realizable_iff' depends on axioms: [propext, Classical.choice, Quot.sound]
info: Erdos625/AxiomAudit.lean:817:0: 'Erdos625.sum_weight_profileOverlapTableOfOrderedPair_eq_sum_card_nsmul' depends on axioms: [propext,
 Classical.choice,
 Quot.sound]
info: Erdos625/AxiomAudit.lean:818:0: 'Erdos625.configurationMatchingEquivColumnWithOrders' depends on axioms: [propext, Classical.choice, Quot.sound]
info: Erdos625/AxiomAudit.lean:819:0: 'Erdos625.configurationCellCount_ofColumnWithOrders_eq_orderedOverlapCount' depends on axioms: [propext,
 Classical.choice,
 Quot.sound]
info: Erdos625/AxiomAudit.lean:820:0: 'Erdos625.uniformConfigurationMatching_map_orderedProfileColumn' depends on axioms: [propext,
 Classical.choice,
 Quot.sound]
info: Erdos625/AxiomAudit.lean:821:0: 'Erdos625.weightedExpectation_uniformConfigurationMatching_eq_uniformProfile' depends on axioms: [propext,
 Classical.choice,
 Quot.sound]
info: Erdos625/AxiomAudit.lean:822:0: 'Erdos625.signedProfileSecondMoment_eq_sum_pairEvent' depends on axioms: [propext, Classical.choice, Quot.sound]
info: Erdos625/AxiomAudit.lean:823:0: 'Erdos625.signedProfileExpectation_ne_zero_of_orderedProfilePartition' depends on axioms: [propext,
 Classical.choice,
 Quot.sound]
info: Erdos625/AxiomAudit.lean:824:0: 'Erdos625.div_signedProfileExpectation_sq_eq_iff_of_orderedProfilePartition' depends on axioms: [propext,
 Classical.choice,
 Quot.sound]
info: Erdos625/AxiomAudit.lean:825:0: 'Erdos625.signedOverlapReward_reindex' depends on axioms: [propext, Classical.choice, Quot.sound]
info: Erdos625/AxiomAudit.lean:826:0: 'Erdos625.labeledSignedProfileDataEquivOrderedSlots' depends on axioms: [propext, Classical.choice, Quot.sound]
info: Erdos625/AxiomAudit.lean:827:0: 'Erdos625.orderedSignedOverlapRewardSum_eq_labelMultiplier_sq_mul_unordered' depends on axioms: [propext,
 Classical.choice,
 Quot.sound]
info: Erdos625/AxiomAudit.lean:828:0: 'Erdos625.signedOverlapQuotientBridge' depends on axioms: [propext, Classical.choice, Quot.sound]
info: Erdos625/AxiomAudit.lean:829:0: 'Erdos625.normalizedSignedProfileSecondMoment_eq_tableSum' depends on axioms: [propext, Classical.choice, Quot.sound]
info: Erdos625/AxiomAudit.lean:830:0: 'Erdos625.normalizedSignedProfileSecondMoment_eq_profileOverlapTableSum' depends on axioms: [propext,
 Classical.choice,
 Quot.sound]
info: Erdos625/AxiomAudit.lean:831:0: 'Erdos625.lintegral_signedProfileCount_eq_signedProfileExpectation' depends on axioms: [propext,
 Classical.choice,
 Quot.sound]
info: Erdos625/AxiomAudit.lean:832:0: 'Erdos625.lintegral_signedProfileCount_sq_eq_signedProfileSecondMoment' depends on axioms: [propext,
 Classical.choice,
 Quot.sound]
info: Erdos625/AxiomAudit.lean:833:0: 'Erdos625.signedProfile_real_seed_of_tableSum_bound' depends on axioms: [propext, Classical.choice, Quot.sound]
info: Erdos625/AxiomAudit.lean:834:0: 'Erdos625.sum_table_rows_eq_sum_table_columns' depends on axioms: [propext, Classical.choice, Quot.sound]
info: Erdos625/AxiomAudit.lean:835:0: 'Erdos625.sum_demand_le_sum_table' depends on axioms: [propext, Classical.choice, Quot.sound]
info: Erdos625/AxiomAudit.lean:836:0: 'Erdos625.no_contingencyTable_of_infeasible_demands' depends on axioms: [propext, Classical.choice, Quot.sound]
info: Erdos625/AxiomAudit.lean:837:0: 'Erdos625.highCells_form_matching' depends on axioms: [propext, Classical.choice, Quot.sound]
info: Erdos625/AxiomAudit.lean:838:0: 'Erdos625.card_iUnion_stubAllocation' depends on axioms: [propext, Classical.choice, Quot.sound]
info: Erdos625/AxiomAudit.lean:839:0: 'Erdos625.card_disjoint_extension' depends on axioms: [propext, Classical.choice, Quot.sound]
info: Erdos625/AxiomAudit.lean:840:0: 'Erdos625.card_stubEmbedding_eq_descFactorial' depends on axioms: [propext, Classical.choice, Quot.sound]
info: Erdos625/AxiomAudit.lean:841:0: 'Erdos625.card_stubEmbedding_eq_labeledAllocation' depends on axioms: [propext, Classical.choice, Quot.sound]
info: Erdos625/AxiomAudit.lean:842:0: 'Erdos625.card_labeledStubAllocation' depends on axioms: [propext, Classical.choice, Quot.sound]
info: Erdos625/AxiomAudit.lean:843:0: 'Erdos625.card_stubAllocation_mul_factorials' depends on axioms: [propext, Classical.choice, Quot.sound]
info: Erdos625/AxiomAudit.lean:844:0: 'Erdos625.card_prescribedDemandWitness_mul_factorials' depends on axioms: [propext, Classical.choice, Quot.sound]
info: Erdos625/AxiomAudit.lean:845:0: 'Erdos625.card_extensions_of_exposed_equiv' depends on axioms: [propext, Classical.choice, Quot.sound]
info: Erdos625/AxiomAudit.lean:846:0: 'Erdos625.card_extensions_of_embedding_pairing' depends on axioms: [propext, Classical.choice, Quot.sound]
info: Erdos625/AxiomAudit.lean:847:0: 'Erdos625.card_rowStub' depends on axioms: [propext, Classical.choice, Quot.sound]
info: Erdos625/AxiomAudit.lean:848:0: 'Erdos625.card_columnStub' depends on axioms: [propext, Classical.choice, Quot.sound]
info: Erdos625/AxiomAudit.lean:849:0: 'Erdos625.card_configurationMatching' depends on axioms: [propext, Classical.choice, Quot.sound]
info: Erdos625/AxiomAudit.lean:850:0: 'Erdos625.card_witnessRowAtom' depends on axioms: [propext, Classical.choice, Quot.sound]
info: Erdos625/AxiomAudit.lean:851:0: 'Erdos625.card_witnessColumnAtom' depends on axioms: [propext, Classical.choice, Quot.sound]
info: Erdos625/AxiomAudit.lean:852:0: 'Erdos625.extendsPrescribedDemandWitness_iff_cellwise' depends on axioms: [propext, Classical.choice, Quot.sound]
info: Erdos625/AxiomAudit.lean:853:0: 'Erdos625.extendsWitness_mem_prescribedCellEvent' depends on axioms: [propext, Classical.choice, Quot.sound]
info: Erdos625/AxiomAudit.lean:854:0: 'Erdos625.exists_extendingWitness_of_mem_prescribedCellEvent' depends on axioms: [propext, Classical.choice, Quot.sound]
info: Erdos625/AxiomAudit.lean:855:0: 'Erdos625.card_extensionsOfPrescribedDemandWitness' depends on axioms: [propext, Classical.choice, Quot.sound]
info: Erdos625/AxiomAudit.lean:856:0: 'Erdos625.card_prescribedCellEvent_le_witness_mul_factorial' depends on axioms: [propext, Classical.choice, Quot.sound]
info: Erdos625/AxiomAudit.lean:857:0: 'Erdos625.pow_sub_add_one_le_descFactorial' depends on axioms: [propext, Quot.sound]
info: Erdos625/AxiomAudit.lean:858:0: 'Erdos625.factorial_pow_le_descFactorial_pow' depends on axioms: [propext, Quot.sound]
info: Erdos625/AxiomAudit.lean:859:0: 'Erdos625.real_div_exp_one_pow_le_descFactorial' depends on axioms: [propext, Classical.choice, Quot.sound]
info: Erdos625/AxiomAudit.lean:860:0: 'Erdos625.ennreal_div_euler_pow_le_descFactorial' depends on axioms: [propext, Classical.choice, Quot.sound]
info: Erdos625/AxiomAudit.lean:861:0: 'Erdos625.row_column_descendingProduct_le_cellDegreePowerProduct' depends on axioms: [propext,
 Classical.choice,
 Quot.sound]
info: Erdos625/AxiomAudit.lean:862:0: 'Erdos625.configurationCellTheta_pow_product' depends on axioms: [propext, Classical.choice, Quot.sound]
info: Erdos625/AxiomAudit.lean:863:0: 'Erdos625.inv_demandFactorialProduct' depends on axioms: [propext, Classical.choice, Quot.sound]
info: Erdos625/AxiomAudit.lean:864:0: 'Erdos625.configurationCellWeight_product_eq_global' depends on axioms: [propext, Classical.choice, Quot.sound]
info: Erdos625/AxiomAudit.lean:865:0: 'Erdos625.uniformConfigurationMatching_prescribedCellEvent_apply' depends on axioms: [propext,
 Classical.choice,
 Quot.sound]
info: Erdos625/AxiomAudit.lean:866:0: 'Erdos625.uniformConfigurationMatching_prescribedCellEvent_le_witness' depends on axioms: [propext,
 Classical.choice,
 Quot.sound]
info: Erdos625/AxiomAudit.lean:867:0: 'Erdos625.jointPrescribedCellBound' depends on axioms: [propext, Classical.choice, Quot.sound]
info: Erdos625/AxiomAudit.lean:868:0: 'Erdos625.jointPrescribedCellBound_cellwise_of_totalDemand_le' depends on axioms: [propext,
 Classical.choice,
 Quot.sound]
info: Erdos625/AxiomAudit.lean:869:0: 'Erdos625.not_mem_prescribedCellEvent_of_total_lt' depends on axioms: [propext, Classical.choice, Quot.sound]
info: Erdos625/AxiomAudit.lean:870:0: 'Erdos625.jointPrescribedCellBound_cellwise' depends on axioms: [propext, Classical.choice, Quot.sound]
info: Erdos625/AxiomAudit.lean:871:0: 'Erdos625.sum_configurationCellCount_row' depends on axioms: [propext, Classical.choice, Quot.sound]
info: Erdos625/AxiomAudit.lean:872:0: 'Erdos625.sum_configurationCellCount_column' depends on axioms: [propext, Classical.choice, Quot.sound]
info: Erdos625/AxiomAudit.lean:873:0: 'Erdos625.configurationCellCount_highCells_form_matching' depends on axioms: [propext, Classical.choice, Quot.sound]
info: Erdos625/AxiomAudit.lean:874:0: 'Erdos625.witnessSelectedStubEquiv' depends on axioms: [propext, Classical.choice, Quot.sound]
info: Erdos625/AxiomAudit.lean:875:0: 'Erdos625.extensionsOfPrescribedDemandWitnessEquivRemaining' depends on axioms: [propext, Classical.choice, Quot.sound]
info: Erdos625/AxiomAudit.lean:876:0: 'Erdos625.card_witnessSelectedRowStubs' depends on axioms: [propext, Classical.choice, Quot.sound]
info: Erdos625/AxiomAudit.lean:877:0: 'Erdos625.card_witnessSelectedColumnStubs' depends on axioms: [propext, Classical.choice, Quot.sound]
info: Erdos625/AxiomAudit.lean:878:0: 'Erdos625.card_remainingRowStub' depends on axioms: [propext, Classical.choice, Quot.sound]
info: Erdos625/AxiomAudit.lean:879:0: 'Erdos625.card_remainingColumnStub' depends on axioms: [propext, Classical.choice, Quot.sound]
info: Erdos625/AxiomAudit.lean:880:0: 'Erdos625.card_remainingStubs_eq' depends on axioms: [propext, Classical.choice, Quot.sound]
info: Erdos625/AxiomAudit.lean:881:0: 'Erdos625.uniformOfFintype_map_equiv' depends on axioms: [propext, Classical.choice, Quot.sound]
info: Erdos625/AxiomAudit.lean:882:0: 'Erdos625.uniformOfFintype_prod_map_snd' depends on axioms: [propext, Classical.choice, Quot.sound]
info: Erdos625/AxiomAudit.lean:883:0: 'Erdos625.uniform_filter_eq_uniformSubtype_map' depends on axioms: [propext, Classical.choice, Quot.sound]
info: Erdos625/AxiomAudit.lean:884:0: 'Erdos625.highCellFinset_card_mul_succ_le_total' depends on axioms: [propext, Classical.choice, Quot.sound]
info: Erdos625/AxiomAudit.lean:885:0: 'Erdos625.two_mul_card_selectedCells_le_total' depends on axioms: [propext, Classical.choice, Quot.sound]
info: Erdos625/AxiomAudit.lean:886:0: 'Erdos625.card_selectedCells_le_half_total' depends on axioms: [propext, Classical.choice, Quot.sound]
info: Erdos625/AxiomAudit.lean:887:0: 'Erdos625.sum_configurationCellCount_all' depends on axioms: [propext, Classical.choice, Quot.sound]
info: Erdos625/AxiomAudit.lean:888:0: 'Erdos625.card_configurationResidualSupportFinset_le_half_stubMass' depends on axioms: [propext,
 Classical.choice,
 Quot.sound]
info: Erdos625/AxiomAudit.lean:889:0: 'Erdos625.card_configurationResidualSupportFinset_le_half_rowStubCard' depends on axioms: [propext,
 Classical.choice,
 Quot.sound]
info: Erdos625/AxiomAudit.lean:890:0: 'Erdos625.card_family_le_pow_residualCells_of_even_encoding' depends on axioms: [propext, Classical.choice, Quot.sound]
info: Erdos625/AxiomAudit.lean:891:0: 'Erdos625.card_family_le_two_pow_half_stubMass' depends on axioms: [propext, Classical.choice, Quot.sound]
info: Erdos625/AxiomAudit.lean:892:0: 'Erdos625.card_actualResidualEvenEdgeFamily_le_pow_support' depends on axioms: [propext, Classical.choice, Quot.sound]
info: Erdos625/AxiomAudit.lean:893:0: 'Erdos625.bipartiteEvenEdgeSet_iff_isBipartiteEven' depends on axioms: [propext, Quot.sound]
info: Erdos625/AxiomAudit.lean:894:0: 'Erdos625.sum_actualResidualEvenEdgeFamily_weight_le_all_even' depends on axioms: [propext,
 Classical.choice,
 Quot.sound]
info: Erdos625/AxiomAudit.lean:895:0: 'Erdos625.weighted_evenSubgraph_ennreal_polymer_product' depends on axioms: [propext, Classical.choice, Quot.sound]
info: Erdos625/AxiomAudit.lean:896:0: 'Erdos625.sum_actualResidualEvenEdgeFamily_ennreal_weight_le_polymer_product' depends on axioms: [propext,
 Classical.choice,
 Quot.sound]
info: Erdos625/AxiomAudit.lean:897:0: 'Erdos625.ennreal_one_add_le_ereal_exp' depends on axioms: [propext, Classical.choice, Quot.sound]
info: Erdos625/AxiomAudit.lean:898:0: 'Erdos625.ennreal_polymer_product_le_ereal_exp_sum' depends on axioms: [propext, Classical.choice, Quot.sound]
info: Erdos625/AxiomAudit.lean:899:0: 'Erdos625.sum_actualResidualEvenEdgeFamily_ennreal_weight_le_polymer_exp' depends on axioms: [propext,
 Classical.choice,
 Quot.sound]
info: Erdos625/AxiomAudit.lean:900:0: 'Erdos625.sum_actualResidualEvenEdgeFamily_real_weight_le_all_even' depends on axioms: [propext,
 Classical.choice,
 Quot.sound]
info: Erdos625/AxiomAudit.lean:901:0: 'Erdos625.sum_actualResidualEvenEdgeFamily_real_weight_le_polymer_product' depends on axioms: [propext,
 Classical.choice,
 Quot.sound]
info: Erdos625/AxiomAudit.lean:902:0: 'Erdos625.sum_actualResidualEvenEdgeFamily_real_weight_le_polymer_exp' depends on axioms: [propext,
 Classical.choice,
 Quot.sound]
info: Erdos625/AxiomAudit.lean:903:0: 'Erdos625.twice_sum_choose_two_le_cap_mass' depends on axioms: [propext, Classical.choice, Quot.sound]
info: Erdos625/AxiomAudit.lean:904:0: 'Erdos625.smallResidualDeterministicBound' depends on axioms: [propext, Classical.choice, Quot.sound]
info: Erdos625/AxiomAudit.lean:905:0: 'Erdos625.cycleRank_matching_union_le_card_residual' depends on axioms: [propext, Classical.choice, Quot.sound]
info: Erdos625/AxiomAudit.lean:906:0: 'Erdos625.relationFinset_configurationResidualSupportRelation' depends on axioms: [propext,
 Classical.choice,
 Quot.sound]
info: Erdos625/AxiomAudit.lean:907:0: 'Erdos625.cycleRank_matching_union_configurationResidualSupport_le_card' depends on axioms: [propext,
 Classical.choice,
 Quot.sound]
info: Erdos625/AxiomAudit.lean:908:0: 'Erdos625.cycleRank_matching_union_configurationResidualSupport_le_half_stubMass' depends on axioms: [propext,
 Classical.choice,
 Quot.sound]
info: Erdos625/AxiomAudit.lean:909:0: 'Erdos625.cycleRank_matching_union_configurationResidualSupport_le_half_m₀' depends on axioms: [propext,
 Classical.choice,
 Quot.sound]
info: Erdos625/AxiomAudit.lean:910:0: 'Erdos625.cycleRank_matching_union_configurationResidualSupport_le_half_rowStubCard' depends on axioms: [propext,
 Classical.choice,
 Quot.sound]
info: Erdos625/AxiomAudit.lean:911:0: 'Erdos625.card_configurationActualResidualEvenEdgeFamily_le_two_pow_half_stubMass' depends on axioms: [propext,
 Classical.choice,
 Quot.sound]
info: Erdos625/AxiomAudit.lean:912:0: 'Erdos625.finitePositiveWalkKernel_rowSum_le_geometric' depends on axioms: [propext, Classical.choice, Quot.sound]
info: Erdos625/AxiomAudit.lean:913:0: 'Erdos625.explicit_terms_le_kernel_masses' depends on axioms: [propext, Classical.choice, Quot.sound]
info: Erdos625/AxiomAudit.lean:914:0: 'Erdos625.q_row_column_le_of_pointwise_degree_square' depends on axioms: [propext, Classical.choice, Quot.sound]
info: Erdos625/AxiomAudit.lean:915:0: 'Erdos625.rescale_configurationCellTheta_square_to_degreeSquare' depends on axioms: [propext,
 Classical.choice,
 Quot.sound]
info: Erdos625/AxiomAudit.lean:916:0: 'Erdos625.configurationCellTheta_toReal_le_of_caps' depends on axioms: [propext, Classical.choice, Quot.sound]
info: Erdos625/AxiomAudit.lean:917:0: 'Erdos625.existsAbsoluteResidualQRowColumnBound' depends on axioms: [propext, Classical.choice, Quot.sound]
info: Erdos625/AxiomAudit.lean:918:0: 'Erdos625.existsAbsoluteResidualQRowColumnBound_of_degreeCaps' depends on axioms: [propext,
 Classical.choice,
 Quot.sound]
info: Erdos625/AxiomAudit.lean:919:0: 'Erdos625.existsAbsoluteResidualQBipartiteKernelRowBound_of_degreeCaps' depends on axioms: [propext,
 Classical.choice,
 Quot.sound]
info: Erdos625/AxiomAudit.lean:920:0: 'Erdos625.finrank_graphCycleSpace_eq_cycleRank' depends on axioms: [propext, Classical.choice, Quot.sound]
info: Erdos625/AxiomAudit.lean:921:0: 'Erdos625.natCard_graphCycleSpace_eq_two_pow_cycleRank' depends on axioms: [propext, Classical.choice, Quot.sound]
info: Erdos625/AxiomAudit.lean:922:0: 'Erdos625.graphEdgeSubsetVector_mem_graphCycleSpace_iff' depends on axioms: [propext, Classical.choice, Quot.sound]
info: Erdos625/AxiomAudit.lean:923:0: 'Erdos625.natCard_evenEdgeSubset_eq_two_pow_cycleRank' depends on axioms: [propext, Classical.choice, Quot.sound]
info: Erdos625/AxiomAudit.lean:924:0: 'Erdos625.supportedCellEquivBipartiteGraphEdge' depends on axioms: [propext, Classical.choice, Quot.sound]
info: Erdos625/AxiomAudit.lean:925:0: 'Erdos625.supportedCellFinsetToEdges_even_iff' depends on axioms: [propext, Classical.choice, Quot.sound]
info: Erdos625/AxiomAudit.lean:926:0: 'Erdos625.actualResidualEvenEdgeFamilyEquivEvenEdgeSubset' depends on axioms: [propext, Classical.choice, Quot.sound]
info: Erdos625/AxiomAudit.lean:927:0: 'Erdos625.natCard_actualResidualEvenEdgeFamily_eq_two_pow_cycleRank' depends on axioms: [propext,
 Classical.choice,
 Quot.sound]
info: Erdos625/AxiomAudit.lean:928:0: 'Erdos625.compatibleBoolSignAssignmentsEquivComponents' depends on axioms: [propext, Classical.choice, Quot.sound]
info: Erdos625/AxiomAudit.lean:929:0: 'Erdos625.natCard_compatibleBoolSignAssignments_eq_two_pow_components' depends on axioms: [propext,
 Classical.choice,
 Quot.sound]
info: Erdos625/AxiomAudit.lean:930:0: 'Erdos625.weighted_evenSubgraph_polymer_bound' depends on axioms: [propext, Classical.choice, Quot.sound]
info: Erdos625/AxiomAudit.lean:931:0: 'Erdos625.exists_covering_cycleWalk_of_minimal_even' depends on axioms: [propext, Classical.choice, Quot.sound]
info: Erdos625/AxiomAudit.lean:932:0: 'Erdos625.finiteKernelWalkMass_le_pow' depends on axioms: [propext, Classical.choice, Quot.sound]
info: Erdos625/AxiomAudit.lean:933:0: 'Erdos625.sum_kernelPathCode_weight_eq_finiteKernelEndpointMass' depends on axioms: [propext,
 Classical.choice,
 Quot.sound]
info: Erdos625/AxiomAudit.lean:934:0: 'Erdos625.sum_positiveKernelPathCode_weight_eq_finitePositiveWalkKernel' depends on axioms: [propext,
 Classical.choice,
 Quot.sound]
info: Erdos625/AxiomAudit.lean:935:0: 'Erdos625.sum_finiteKernelEndpointMass_eq_finiteKernelWalkMass' depends on axioms: [propext,
 Classical.choice,
 Quot.sound]
info: Erdos625/AxiomAudit.lean:936:0: 'Erdos625.sum_marked_finiteKernelWalkMass_le' depends on axioms: [propext, Classical.choice, Quot.sound]
info: Erdos625/AxiomAudit.lean:937:0: 'Erdos625.bipartiteCellKernel_rowSum_le' depends on axioms: [propext, Classical.choice, Quot.sound]
info: Erdos625/AxiomAudit.lean:938:0: 'Erdos625.bipartiteCellKernel_walkMass_le_pow' depends on axioms: [propext, Classical.choice, Quot.sound]
info: Erdos625/AxiomAudit.lean:939:0: 'Erdos625.sum_range_pow_even_add_four_le_geometric' depends on axioms: [propext, Classical.choice, Quot.sound]
info: Erdos625/AxiomAudit.lean:940:0: 'Erdos625.sum_marked_range_finiteKernelWalkMass_even_add_four_le_geometric' depends on axioms: [propext,
 Classical.choice,
 Quot.sound]
info: Erdos625/AxiomAudit.lean:941:0: 'Erdos625.sum_marked_range_finiteKernelWalkMass_succ_le_geometric' depends on axioms: [propext,
 Classical.choice,
 Quot.sound]
info: Erdos625/AxiomAudit.lean:942:0: 'Erdos625.finite_relaxed_matchingTraversal_enumeration' depends on axioms: [propext, Classical.choice, Quot.sound]
info: Erdos625/AxiomAudit.lean:943:0: 'Erdos625.sum_positiveKernelThenTransitionCode_weight_eq_finiteKernelComp' depends on axioms: [propext,
 Classical.choice,
 Quot.sound]
info: Erdos625/AxiomAudit.lean:944:0: 'Erdos625.sum_relaxedBlockChainCode_weight_eq_finiteKernelEndpointMass' depends on axioms: [propext,
 Classical.choice,
 Quot.sound]
info: Erdos625/AxiomAudit.lean:945:0: 'Erdos625.decodeRelaxedBlockCells_eq_union' depends on axioms: [propext, Classical.choice, Quot.sound]
info: Erdos625/AxiomAudit.lean:946:0: 'Erdos625.relaxedBlock_projection_nodup' does not depend on any axioms
info: Erdos625/AxiomAudit.lean:947:0: 'Erdos625.relaxedBlockChainCode_weight_eq_projection_weights' depends on axioms: [propext, Classical.choice, Quot.sound]
info: Erdos625/AxiomAudit.lean:948:0: 'Erdos625.relaxedBlockChainCode_bipartite_weight_eq_projection_weights' depends on axioms: [propext,
 Classical.choice,
 Quot.sound]
info: Erdos625/AxiomAudit.lean:949:0: 'Erdos625.cycle_inter_matching_card_le_vertex_count' depends on axioms: [propext, Classical.choice, Quot.sound]
info: Erdos625/AxiomAudit.lean:950:0: 'Erdos625.IsFaithfulCycleCut.decode_eq' depends on axioms: [propext, Classical.choice, Quot.sound]
info: Erdos625/AxiomAudit.lean:951:0: 'Erdos625.IsFaithfulCycleCut.transitionEdges_length_eq_inter_card' depends on axioms: [propext,
 Classical.choice,
 Quot.sound]
info: Erdos625/AxiomAudit.lean:952:0: 'Erdos625.IsFaithfulCycleCut.residualCellList_length_eq_raw_length' depends on axioms: [propext,
 Classical.choice,
 Quot.sound]
info: Erdos625/AxiomAudit.lean:953:0: 'Erdos625.IsFaithfulCycleCut.transitionCellList_length_eq_raw_length' depends on axioms: [propext,
 Classical.choice,
 Quot.sound]
info: Erdos625/AxiomAudit.lean:954:0: 'Erdos625.IsFaithfulCycleCut.residualEdges_length_eq_sdiff_card' depends on axioms: [propext,
 Classical.choice,
 Quot.sound]
info: Erdos625/AxiomAudit.lean:955:0: 'Erdos625.IsFaithfulCycleCut.residualWeight_eq_sdiff_prod' depends on axioms: [propext, Classical.choice, Quot.sound]
info: Erdos625/AxiomAudit.lean:956:0: 'Erdos625.IsFaithfulCycleCut.transitionWeight_eq_one' depends on axioms: [propext, Classical.choice, Quot.sound]
info: Erdos625/AxiomAudit.lean:957:0: 'Erdos625.IsFaithfulCycleCut.codeWeight_eq_sdiff_prod' depends on axioms: [propext, Classical.choice, Quot.sound]
info: Erdos625/AxiomAudit.lean:958:0: 'Erdos625.IsFaithfulCycleCut.projection_orientedEdges_nodup' depends on axioms: [propext, Classical.choice, Quot.sound]
info: Erdos625/AxiomAudit.lean:959:0: 'Erdos625.IsFaithfulCycleCut.blockCount_le_vertex_count' depends on axioms: [propext, Classical.choice, Quot.sound]
info: Erdos625/AxiomAudit.lean:960:0: 'Erdos625.physicalCycleCuttingStatement' depends on axioms: [propext, Classical.choice, Quot.sound]
info: Erdos625/AxiomAudit.lean:961:0: 'Erdos625.chosenPhysicalCycleCut_faithful' depends on axioms: [propext, Classical.choice, Quot.sound]
info: Erdos625/AxiomAudit.lean:962:0: 'Erdos625.decode_chosenPhysicalCycleCut' depends on axioms: [propext, Classical.choice, Quot.sound]
info: Erdos625/AxiomAudit.lean:963:0: 'Erdos625.chosenPhysicalCycleCut_injective' depends on axioms: [propext, Classical.choice, Quot.sound]
info: Erdos625/AxiomAudit.lean:964:0: 'Erdos625.chosenPhysicalCycleCut_weight_eq' depends on axioms: [propext, Classical.choice, Quot.sound]
info: Erdos625/AxiomAudit.lean:965:0: 'Erdos625.decode_chosenMarkedCycleTraversal' depends on axioms: [propext, Classical.choice, Quot.sound]
info: Erdos625/AxiomAudit.lean:966:0: 'Erdos625.chosenMarkedCycleTraversal_injective' depends on axioms: [propext, Classical.choice, Quot.sound]
info: Erdos625/AxiomAudit.lean:967:0: 'Erdos625.chosenMarkedCycleTraversal_weight_eq' depends on axioms: [propext, Classical.choice, Quot.sound]
info: Erdos625/AxiomAudit.lean:968:0: 'Erdos625.sum_markedCycleTraversalCode_weight_eq_endpointMass' depends on axioms: [propext,
 Classical.choice,
 Quot.sound]
info: Erdos625/AxiomAudit.lean:969:0: 'Erdos625.sum_markedCycleTraversalCode_weight_le_walkMass' depends on axioms: [propext, Classical.choice, Quot.sound]
info: Erdos625/AxiomAudit.lean:970:0: 'Erdos625.sum_markedCycleTraversalCode_weight_eq_endpointMass_finset' depends on axioms: [propext,
 Classical.choice,
 Quot.sound]
info: Erdos625/AxiomAudit.lean:971:0: 'Erdos625.sum_markedCycleTraversalCode_weight_le_walkMass_finset' depends on axioms: [propext,
 Classical.choice,
 Quot.sound]
info: Erdos625/AxiomAudit.lean:972:0: 'Erdos625.sum_mixedSimpleCycle_weight_le_markedTraversalCode' depends on axioms: [propext, Classical.choice, Quot.sound]
info: Erdos625/AxiomAudit.lean:973:0: 'Erdos625.sum_mixedSimpleCycle_weight_le_nested_walkMass' depends on axioms: [propext, Classical.choice, Quot.sound]
info: Erdos625/AxiomAudit.lean:974:0: 'Erdos625.mixedSimpleCycle_weighted_walk_enumeration' depends on axioms: [propext, Classical.choice, Quot.sound]
info: Erdos625/AxiomAudit.lean:975:0: 'Erdos625.existsAbsoluteResidualQMixedCycleWeightedEnumeration' depends on axioms: [propext,
 Classical.choice,
 Quot.sound]
info: Erdos625/AxiomAudit.lean:976:0: 'Erdos625.sum_simpleBipartiteCycles_edgeWeight_split' depends on axioms: [propext, Classical.choice, Quot.sound]
info: Erdos625/AxiomAudit.lean:977:0: 'Erdos625.exists_faithfulResidualCycleTraversal' depends on axioms: [propext, Classical.choice, Quot.sound]
info: Erdos625/AxiomAudit.lean:978:0: 'Erdos625.chosenResidualOnlyCycleTraversal_injective' depends on axioms: [propext, Classical.choice, Quot.sound]
info: Erdos625/AxiomAudit.lean:979:0: 'Erdos625.chosenResidualOnlyCycleTraversal_weight_eq' depends on axioms: [propext, Classical.choice, Quot.sound]
info: Erdos625/AxiomAudit.lean:980:0: 'Erdos625.sum_residualOnlySimpleCycle_weight_le_traversalCode' depends on axioms: [propext,
 Classical.choice,
 Quot.sound]
info: Erdos625/AxiomAudit.lean:981:0: 'Erdos625.sum_residualCycleTraversalCode_weight_eq_endpointMass' depends on axioms: [propext,
 Classical.choice,
 Quot.sound]
info: Erdos625/AxiomAudit.lean:982:0: 'Erdos625.sum_residualCycleTraversalCode_weight_le_walkMass' depends on axioms: [propext, Classical.choice, Quot.sound]
info: Erdos625/AxiomAudit.lean:983:0: 'Erdos625.sum_rowRooted_evenWalkMass_le_geometric' depends on axioms: [propext, Classical.choice, Quot.sound]
info: Erdos625/AxiomAudit.lean:984:0: 'Erdos625.residualOnlySimpleCycle_weighted_walk_enumeration' depends on axioms: [propext, Classical.choice, Quot.sound]
info: Erdos625/AxiomAudit.lean:985:0: 'Erdos625.prod_localSignRewardNat_eq_pow' depends on axioms: [propext, Classical.choice, Quot.sound]
info: Erdos625/AxiomAudit.lean:986:0: 'Erdos625.cappedReward_telescoping' depends on axioms: [propext, Classical.choice, Quot.sound]
info: Erdos625/AxiomAudit.lean:987:0: 'Erdos625.finiteInjectiveFamily_product_exp_bound' depends on axioms: [propext, Classical.choice, Quot.sound]
info: Erdos625/AxiomAudit.lean:988:0: 'Erdos625.eventually_tau_lt_one_third' depends on axioms: [propext, Classical.choice, Quot.sound]
info: Erdos625/AxiomAudit.lean:989:0: 'Erdos625.eventually_phaseControlled_ennreal_tau_lt_one_third' depends on axioms: [propext,
 Classical.choice,
 Quot.sound]
info: Erdos625/AxiomAudit.lean:990:0: 'Erdos625.exists_uniform_twoRegime_error' depends on axioms: [propext, Classical.choice, Quot.sound]
info: Erdos625/AxiomAudit.lean:991:0: 'Erdos625.existsAbsoluteFiniteEndpointConstant' depends on axioms: [propext, Classical.choice, Quot.sound]
info: Erdos625/AxiomAudit.lean:992:0: 'Erdos625.existsAbsoluteResidualQQuadraticBound' depends on axioms: [propext, Classical.choice, Quot.sound]
info: Erdos625/AxiomAudit.lean:993:0: 'Erdos625.existsAbsoluteResidualLambdaCubicBound' depends on axioms: [propext, Classical.choice, Quot.sound]
info: Erdos625/AxiomAudit.lean:994:0: 'Erdos625.existsAbsoluteResidualLambdaTotalBound' depends on axioms: [propext, Classical.choice, Quot.sound]
info: Erdos625/AxiomAudit.lean:995:0: 'Erdos625.capped_fixedF_prescribedDemand_expansion' depends on axioms: [propext, Classical.choice, Quot.sound]
info: Erdos625/AxiomAudit.lean:996:0: 'Erdos625.residualReward_eq_localSignRewardNat' depends on axioms: [propext, Quot.sound]
info: Erdos625/AxiomAudit.lean:997:0: 'Erdos625.residualRewardIncrement_eq_localSignRewardNat_sub' depends on axioms: [propext, Quot.sound]
info: Erdos625/AxiomAudit.lean:998:0: 'Erdos625.residualFixedFExpectation_le_lambdaProduct_mul_edgeWeight' depends on axioms: [propext,
 Classical.choice,
 Quot.sound]
info: Erdos625/AxiomAudit.lean:999:0: 'Erdos625.residualCappedEvenFixedFSum_le_lambdaProduct_mul_evenWeightSum' depends on axioms: [propext,
 Classical.choice,
 Quot.sound]
info: Erdos625/AxiomAudit.lean:1000:0: 'Erdos625.residualCappedEvenFixedFSum_le_lambdaProduct_mul_polymerProduct' depends on axioms: [propext,
 Classical.choice,
 Quot.sound]
info: Erdos625/AxiomAudit.lean:1001:0: 'Erdos625.mem_actualResidualEvenEdgeSets_iff_actualResidualEvenEdgeFamilyPredicate' depends on axioms: [propext,
 Classical.choice,
 Quot.sound]
info: Erdos625/AxiomAudit.lean:1002:0: 'Erdos625.sum_fixedF_thresholdIndicator_eq_card_actualResidualEvenEdgeSets' depends on axioms: [propext,
 Classical.choice,
 Quot.sound]
info: Erdos625/AxiomAudit.lean:1003:0: 'Erdos625.residualActualAttachmentNumerator_eq_residualCappedEvenFixedFSum' depends on axioms: [propext,
 Classical.choice,
 Quot.sound]
info: Erdos625/AxiomAudit.lean:1004:0: 'Erdos625.actualResidualEvenEdgeSetsEquivActualResidualEvenEdgeFamily' depends on axioms: [propext,
 Classical.choice,
 Quot.sound]
info: Erdos625/AxiomAudit.lean:1005:0: 'Erdos625.card_actualResidualEvenEdgeSets_eq_two_pow_cycleRank' depends on axioms: [propext,
 Classical.choice,
 Quot.sound]
info: Erdos625/AxiomAudit.lean:1006:0: 'Erdos625.coe_card_actualResidualEvenEdgeSets_eq_two_pow_cycleRank' depends on axioms: [propext,
 Classical.choice,
 Quot.sound]
info: Erdos625/AxiomAudit.lean:1007:0: 'Erdos625.residualCycleRankExpectation' depends on axioms: [propext, Classical.choice, Quot.sound]
info: Erdos625/AxiomAudit.lean:1008:0: 'Erdos625.residualActualAttachmentNumerator_eq_cycleRankExpectation' depends on axioms: [propext,
 Classical.choice,
 Quot.sound]
info: Erdos625/AxiomAudit.lean:1009:0: 'Erdos625.taggedResidualAttachmentValue' depends on axioms: [propext, Classical.choice, Quot.sound]
info: Erdos625/AxiomAudit.lean:1010:0: 'Erdos625.sum_taggedResidualAttachmentValue_eq_incidence_mul_numerator' depends on axioms: [propext,
 Classical.choice,
 Quot.sound]
info: Erdos625/AxiomAudit.lean:1011:0: 'Erdos625.canonicalDemandReferenceWitness' depends on axioms: [propext, Classical.choice, Quot.sound]
info: Erdos625/AxiomAudit.lean:1012:0: 'Erdos625.sum_global_taggedResidualAttachmentValue_eq_sum_incidence_mul_numerator' depends on axioms: [propext,
 Classical.choice,
 Quot.sound]
info: Erdos625/AxiomAudit.lean:1013:0: 'Erdos625.residualActualAttachmentNumerator_le_lambdaProduct_mul_evenWeightSum' depends on axioms: [propext,
 Classical.choice,
 Quot.sound]
info: Erdos625/AxiomAudit.lean:1014:0: 'Erdos625.residualActualAttachmentNumerator_le_lambdaProduct_mul_polymerProduct' depends on axioms: [propext,
 Classical.choice,
 Quot.sound]
info: Erdos625/AxiomAudit.lean:1015:0: 'Erdos625.evenMatrix_eq_zero_of_support_rowMatching' depends on axioms: [propext, Classical.choice, Quot.sound]
info: Erdos625/AxiomAudit.lean:1016:0: 'Erdos625.bipartiteEdgeMatrix_apply_eq_one_iff' depends on axioms: [propext, Classical.choice, Quot.sound]
info: Erdos625/AxiomAudit.lean:1017:0: 'Erdos625.bipartiteEdgeMatrix_apply_ne_zero_iff' depends on axioms: [propext, Classical.choice, Quot.sound]
info: Erdos625/AxiomAudit.lean:1018:0: 'Erdos625.bipartiteEdgeMatrix_injective' depends on axioms: [propext, Classical.choice, Quot.sound]
info: Erdos625/AxiomAudit.lean:1019:0: 'Erdos625.sum_bipartiteEdgeMatrix_row' depends on axioms: [propext, Classical.choice, Quot.sound]
info: Erdos625/AxiomAudit.lean:1020:0: 'Erdos625.sum_bipartiteEdgeMatrix_column' depends on axioms: [propext, Classical.choice, Quot.sound]
info: Erdos625/AxiomAudit.lean:1021:0: 'Erdos625.bipartiteEdgeMatrix_even_iff' depends on axioms: [propext, Classical.choice, Quot.sound]
info: Erdos625/AxiomAudit.lean:1022:0: 'Erdos625.evenMatrix_eq_of_eq_on_residual' depends on axioms: [propext, Classical.choice, Quot.sound]
info: Erdos625/AxiomAudit.lean:1023:0: 'Erdos625.residualRestriction_injective' depends on axioms: [propext, Classical.choice, Quot.sound]
info: Erdos625/AxiomAudit.lean:1024:0: 'Erdos625.card_evenMatrixSupportedOn_le_pow_card_residualCell' depends on axioms: [propext,
 Classical.choice,
 Quot.sound]
info: Erdos625/AxiomAudit.lean:1025:0: 'Erdos625.sum_sqrt_mul_weight_le' depends on axioms: [propext, Classical.choice, Quot.sound]
info: Erdos625/AxiomAudit.lean:1026:0: 'Erdos625.card_selectedRowStubs_in_class' depends on axioms: [propext, Classical.choice, Quot.sound]
info: Erdos625/AxiomAudit.lean:1027:0: 'Erdos625.card_selectedColumnStubs_in_class' depends on axioms: [propext, Classical.choice, Quot.sound]
info: Erdos625/AxiomAudit.lean:1028:0: 'Erdos625.card_witnessSelectedRowIndices' depends on axioms: [propext, Classical.choice, Quot.sound]
info: Erdos625/AxiomAudit.lean:1029:0: 'Erdos625.card_witnessSelectedColumnIndices' depends on axioms: [propext, Classical.choice, Quot.sound]
info: Erdos625/AxiomAudit.lean:1030:0: 'Erdos625.card_remainingRowFiber' depends on axioms: [propext, Classical.choice, Quot.sound]
info: Erdos625/AxiomAudit.lean:1031:0: 'Erdos625.card_remainingColumnFiber' depends on axioms: [propext, Classical.choice, Quot.sound]
info: Erdos625/AxiomAudit.lean:1032:0: 'Erdos625.remainingRowStubEquivResidual_class' depends on axioms: [propext, Classical.choice, Quot.sound]
info: Erdos625/AxiomAudit.lean:1033:0: 'Erdos625.remainingColumnStubEquivResidual_class' depends on axioms: [propext, Classical.choice, Quot.sound]
info: Erdos625/AxiomAudit.lean:1034:0: 'Erdos625.uniform_extensionSubtype_map_residual' depends on axioms: [propext, Classical.choice, Quot.sound]
info: Erdos625/AxiomAudit.lean:1035:0: 'Erdos625.card_targetFiber_eq_usedTarget_add_residual' depends on axioms: [propext, Classical.choice, Quot.sound]
info: Erdos625/AxiomAudit.lean:1036:0: 'Erdos625.remainingRowStubEquivResidual_apply_in_class' depends on axioms: [propext, Classical.choice, Quot.sound]
info: Erdos625/AxiomAudit.lean:1037:0: 'Erdos625.residualConfiguration_targetClass' depends on axioms: [propext, Classical.choice, Quot.sound]
info: Erdos625/AxiomAudit.lean:1038:0: 'Erdos625.usedRowTargetIndices_eq_witnessCell' depends on axioms: [propext, Classical.choice, Quot.sound]
info: Erdos625/AxiomAudit.lean:1039:0: 'Erdos625.configurationCellCount_eq_demand_add_residual' depends on axioms: [propext, Classical.choice, Quot.sound]
info: Erdos625/AxiomAudit.lean:1040:0: 'Erdos625.nat_add_eq_left_iff_right_eq_zero' depends on axioms: [propext, Classical.choice, Quot.sound]
info: Erdos625/AxiomAudit.lean:1041:0: 'Erdos625.nat_add_le_iff_le_sub_of_le' depends on axioms: [propext]
info: Erdos625/AxiomAudit.lean:1042:0: 'Erdos625.exposedCell_constraints_iff_residual' depends on axioms: [propext, Classical.choice, Quot.sound]
info: Erdos625/AxiomAudit.lean:1043:0: 'Erdos625.configurationCell_constraints_iff_residual' depends on axioms: [propext, Classical.choice, Quot.sound]
info: Erdos625/AxiomAudit.lean:1044:0: 'Erdos625.fixedWitnessFullCellConstraints_iff_residual' depends on axioms: [propext, Classical.choice, Quot.sound]
info: Erdos625/AxiomAudit.lean:1045:0: 'Erdos625.fixedWitnessSection8Assembly' depends on axioms: [propext, Classical.choice, Quot.sound]
info: Erdos625/AxiomAudit.lean:1046:0: 'Erdos625.compatiblePairing_unique' depends on axioms: [propext, Quot.sound]
info: Erdos625/AxiomAudit.lean:1047:0: 'Erdos625.selectedFiber_eq_fullFiber_of_zero_residual' depends on axioms: [propext, Quot.sound]
info: Erdos625/AxiomAudit.lean:1048:0: 'Erdos625.canonicalHighDemand_partialMatching_and_incidence' depends on axioms: [propext, Classical.choice, Quot.sound]
info: Erdos625/AxiomAudit.lean:1049:0: 'Erdos625.canonicalHighDemand_eq_iff_exact_support_and_capped_off' depends on axioms: [propext,
 Classical.choice,
 Quot.sound]
info: Erdos625/AxiomAudit.lean:1050:0: 'Erdos625.existsUnique_canonicalHighDemandWitness' depends on axioms: [propext, Classical.choice, Quot.sound]
info: Erdos625/AxiomAudit.lean:1051:0: 'Erdos625.existsUnique_canonicalHighDemandWitness_residualProfile' depends on axioms: [propext,
 Classical.choice,
 Quot.sound]
info: Erdos625/AxiomAudit.lean:1052:0: 'Erdos625.mem_fixedWitnessCanonicalDemandEvent_iff_residual' depends on axioms: [propext, Classical.choice, Quot.sound]
info: Erdos625/AxiomAudit.lean:1053:0: 'Erdos625.canonicalResidualCellEvent_eq_residualCapNoReturnEvent' depends on axioms: [propext,
 Classical.choice,
 Quot.sound]
info: Erdos625/AxiomAudit.lean:1054:0: 'Erdos625.mem_fixedWitnessCanonicalDemandEvent_iff_residualCapNoReturn' depends on axioms: [propext,
 Classical.choice,
 Quot.sound]
info: Erdos625/AxiomAudit.lean:1055:0: 'Erdos625.mem_canonicalDemandEvent_iff_exact_support_and_capped_off' depends on axioms: [propext,
 Classical.choice,
 Quot.sound]
info: Erdos625/AxiomAudit.lean:1056:0: 'Erdos625.card_canonicalDemandEvent_eq_witness_mul_residual' depends on axioms: [propext, Classical.choice, Quot.sound]
info: Erdos625/AxiomAudit.lean:1057:0: 'Erdos625.fixedWitnessCanonicalDemandEventEquivResidual' depends on axioms: [propext, Classical.choice, Quot.sound]
info: Erdos625/AxiomAudit.lean:1058:0: 'Erdos625.canonicalDemandEventEquivSigmaFixedWitness' depends on axioms: [propext, Classical.choice, Quot.sound]
info: Erdos625/AxiomAudit.lean:1059:0: 'Erdos625.canonicalDemandEventEquivSigmaResidual' depends on axioms: [propext, Classical.choice, Quot.sound]
info: Erdos625/AxiomAudit.lean:1060:0: 'Erdos625.nonempty_sigmaCanonicalResidual_of_nonempty_canonicalDemandEvent' depends on axioms: [propext,
 Classical.choice,
 Quot.sound]
info: Erdos625/AxiomAudit.lean:1061:0: 'Erdos625.uniform_canonicalDemandEventSubtype_map_sigmaResidual' depends on axioms: [propext,
 Classical.choice,
 Quot.sound]
info: Erdos625/AxiomAudit.lean:1062:0: 'Erdos625.uniform_filter_canonicalDemandEvent_eq_uniformSigmaResidual_reconstruction' depends on axioms: [propext,
 Classical.choice,
 Quot.sound]
info: Erdos625/AxiomAudit.lean:1063:0: 'Erdos625.sigmaCanonicalResidualEquivWitnessTimesResidual' depends on axioms: [propext, Classical.choice, Quot.sound]
info: Erdos625/AxiomAudit.lean:1064:0: 'Erdos625.canonicalDemandEventEquivWitnessTimesResidual' depends on axioms: [propext, Classical.choice, Quot.sound]
info: Erdos625/AxiomAudit.lean:1065:0: 'Erdos625.nonempty_canonicalResidualCellEvent_of_nonempty_canonicalDemandEvent' depends on axioms: [propext,
 Classical.choice,
 Quot.sound]
info: Erdos625/AxiomAudit.lean:1066:0: 'Erdos625.uniform_canonicalDemandEventSubtype_map_witnessTimesResidual' depends on axioms: [propext,
 Classical.choice,
 Quot.sound]
info: Erdos625/AxiomAudit.lean:1067:0: 'Erdos625.uniform_canonicalDemandEventSubtype_map_fixedResidual' depends on axioms: [propext,
 Classical.choice,
 Quot.sound]
info: Erdos625/AxiomAudit.lean:1068:0: 'Erdos625.configurationMatchingEquivSigmaCanonicalDemandEvent' depends on axioms: [propext,
 Classical.choice,
 Quot.sound]
info: Erdos625/AxiomAudit.lean:1069:0: 'Erdos625.card_configurationMatching_eq_sum_card_canonicalDemandEvent' depends on axioms: [propext,
 Classical.choice,
 Quot.sound]
info: Erdos625/AxiomAudit.lean:1070:0: 'Erdos625.sum_uniformConfigurationMatching_canonicalDemandEvent_eq_one' depends on axioms: [propext,
 Classical.choice,
 Quot.sound]
info: Erdos625/AxiomAudit.lean:1071:0: 'Erdos625.uniformOfFintype_sigma_map_fst_apply' depends on axioms: [propext, Classical.choice, Quot.sound]
info: Erdos625/AxiomAudit.lean:1072:0: 'Erdos625.canonicalDemandOfMatching_high_of_ne_zero' depends on axioms: [propext, Classical.choice, Quot.sound]
info: Erdos625/AxiomAudit.lean:1073:0: 'Erdos625.nonempty_canonicalDemandEvent_of_canonicalDemandImage' depends on axioms: [propext,
 Classical.choice,
 Quot.sound]
info: Erdos625/AxiomAudit.lean:1074:0: 'Erdos625.canonicalDemandImage_high' depends on axioms: [propext, Classical.choice, Quot.sound]
info: Erdos625/AxiomAudit.lean:1075:0: 'Erdos625.configurationMatchingEquivSigmaCanonicalDemandResidual' depends on axioms: [propext,
 Classical.choice,
 Quot.sound]
info: Erdos625/AxiomAudit.lean:1076:0: 'Erdos625.uniformSigmaCanonicalDemandResidual' depends on axioms: [propext, Classical.choice, Quot.sound]
info: Erdos625/AxiomAudit.lean:1077:0: 'Erdos625.uniformConfigurationMatching_map_sigmaCanonicalDemandResidual' depends on axioms: [propext,
 Classical.choice,
 Quot.sound]
info: Erdos625/AxiomAudit.lean:1078:0: 'Erdos625.uniformConfigurationMatching_map_canonicalDemand_apply' depends on axioms: [propext,
 Classical.choice,
 Quot.sound]
info: Erdos625/AxiomAudit.lean:1079:0: 'Erdos625.card_sigmaCanonicalDemandResidual_fiber_eq_witness_mul_residual' depends on axioms: [propext,
 Classical.choice,
 Quot.sound]
info: Erdos625/AxiomAudit.lean:1080:0: 'Erdos625.uniformConfigurationMatching_map_canonicalDemand_apply_eq_witness_mul_residual_card' depends on axioms: [propext,
 Classical.choice,
 Quot.sound]
info: Erdos625/AxiomAudit.lean:1081:0: 'Erdos625.sigmaCanonicalDemandResidual_mem_residualCapNoReturn' depends on axioms: [propext,
 Classical.choice,
 Quot.sound]
info: Erdos625/AxiomAudit.lean:1082:0: 'Erdos625.sigmaCanonicalDemandResidualEquivSigmaCapNoReturn' depends on axioms: [propext, Classical.choice, Quot.sound]
info: Erdos625/AxiomAudit.lean:1083:0: 'Erdos625.configurationMatchingEquivSigmaCapNoReturn' depends on axioms: [propext, Classical.choice, Quot.sound]
info: Erdos625/AxiomAudit.lean:1084:0: 'Erdos625.uniformSigmaCapNoReturn' depends on axioms: [propext, Classical.choice, Quot.sound]
info: Erdos625/AxiomAudit.lean:1085:0: 'Erdos625.uniformConfigurationMatching_map_sigmaCapNoReturn' depends on axioms: [propext, Classical.choice, Quot.sound]
info: Erdos625/AxiomAudit.lean:1086:0: 'Erdos625.positiveDemandSupport_isBipartiteMatching_of_canonicalDemandImage' depends on axioms: [propext,
 Classical.choice,
 Quot.sound]
info: Erdos625/AxiomAudit.lean:1087:0: 'Erdos625.residualReward_add_eq_mul_of_noReturn' depends on axioms: [propext, Quot.sound]
info: Erdos625/AxiomAudit.lean:1088:0: 'Erdos625.prod_residualReward_add_eq_positiveSupport_mul' depends on axioms: [propext, Classical.choice, Quot.sound]
info: Erdos625/AxiomAudit.lean:1089:0: 'Erdos625.two_le_add_iff_positive_or_two_le' depends on axioms: [propext, Classical.choice, Quot.sound]
info: Erdos625/AxiomAudit.lean:1090:0: 'Erdos625.bipartiteGraph_positiveSupport_add_eq_union' depends on axioms: [propext, Classical.choice, Quot.sound]
info: Erdos625/AxiomAudit.lean:1091:0: 'Erdos625.fixedWitnessCanonical_reward_support_split' depends on axioms: [propext, Classical.choice, Quot.sound]
info: Erdos625/AxiomAudit.lean:1092:0: 'Erdos625.typedPartialMatchingSourceEmbedding' depends on axioms: [propext, Classical.choice, Quot.sound]
info: Erdos625/AxiomAudit.lean:1093:0: 'Erdos625.typedPartialMatchingTargetEmbedding' depends on axioms: [propext, Classical.choice, Quot.sound]
info: Erdos625/AxiomAudit.lean:1094:0: 'Erdos625.typedPartialMatchingPairing' depends on axioms: [propext, Quot.sound]
info: Erdos625/AxiomAudit.lean:1095:0: 'Erdos625.typedPartialMatchingEquivPrescribedDemandWitness' depends on axioms: [propext, Quot.sound]
info: Erdos625/AxiomAudit.lean:1096:0: 'Erdos625.card_typedPartialMatching_mul_factorials' depends on axioms: [propext, Classical.choice, Quot.sound]
info: Erdos625/AxiomAudit.lean:1097:0: 'Erdos625.UnlabelledTypedSkeleton.ext' depends on axioms: [propext, Quot.sound]
info: Erdos625/AxiomAudit.lean:1098:0: 'Erdos625.typedPartialMatchingUnlabelledSkeleton' depends on axioms: [propext, Classical.choice, Quot.sound]
info: Erdos625/AxiomAudit.lean:1099:0: 'Erdos625.typedPartialMatchingUnlabelledSkeleton_typeTable' depends on axioms: [propext, Classical.choice, Quot.sound]
info: Erdos625/AxiomAudit.lean:1100:0: 'Erdos625.unlabelledSkeletonFibreToTypedPartialMatching' depends on axioms: [propext, Classical.choice, Quot.sound]
info: Erdos625/AxiomAudit.lean:1101:0: 'Erdos625.typedPartialMatchingEquivUnlabelledSkeletonFibre' depends on axioms: [propext, Classical.choice, Quot.sound]
info: Erdos625/AxiomAudit.lean:1102:0: 'Erdos625.card_unlabelledTypedSkeleton_typeTable_mul_factorials' depends on axioms: [propext,
 Classical.choice,
 Quot.sound]
info: Erdos625/AxiomAudit.lean:1103:0: 'Erdos625.sum_unlabelledSkeleton_weight_eq_sum_typeTables' depends on axioms: [propext, Classical.choice, Quot.sound]
info: Erdos625/AxiomAudit.lean:1104:0: 'Erdos625.cast_card_unlabelledSkeleton_fibre_mul_cellFactorials' depends on axioms: [propext,
 Classical.choice,
 Quot.sound]
info: Erdos625/AxiomAudit.lean:1105:0: 'Erdos625.sum_unlabelledSkeleton_cellFactorial_weight_eq_descendingProducts' depends on axioms: [propext,
 Classical.choice,
 Quot.sound]
info: Erdos625/AxiomAudit.lean:1106:0: 'Erdos625.sum_unlabelledSkeleton_weight_eq_descendingProducts_div_cellFactorials' depends on axioms: [propext,
 Classical.choice,
 Quot.sound]
info: Erdos625/AxiomAudit.lean:1107:0: 'Erdos625.sum_unlabelledTypedSkeleton_fixedExposureWeight_eq_weightedQuotient' depends on axioms: [propext,
 Classical.choice,
 Quot.sound]
info: Erdos625/AxiomAudit.lean:1108:0: 'Erdos625.typeTableCellFactorial_mul_descendingProducts_div_cellFactorials' depends on axioms: [propext,
 Classical.choice,
 Quot.sound]
info: Erdos625/AxiomAudit.lean:1109:0: 'Erdos625.uniformConfigurationMatching_event_apply' depends on axioms: [propext, Classical.choice, Quot.sound]
info: Erdos625/AxiomAudit.lean:1110:0: 'Erdos625.uniformConfigurationMatching_canonicalDemandEvent_apply' depends on axioms: [propext,
 Classical.choice,
 Quot.sound]
info: Erdos625/AxiomAudit.lean:1111:0: 'Erdos625.labelledWitnessIncidence_eq' depends on axioms: [propext, Classical.choice, Quot.sound]
info: Erdos625/AxiomAudit.lean:1112:0: 'Erdos625.uniformConfigurationMatching_canonicalResidualCellEvent_apply' depends on axioms: [propext,
 Classical.choice,
 Quot.sound]
info: Erdos625/AxiomAudit.lean:1113:0: 'Erdos625.uniformConfigurationMatching_canonicalDemandEvent_eq_incidence_mul_residual' depends on axioms: [propext,
 Classical.choice,
 Quot.sound]
info: Erdos625/AxiomAudit.lean:1114:0: 'Erdos625.uniformConfigurationMatching_fixedWitnessCanonicalDemandEvent_eq_residualFactor' depends on axioms: [propext,
 Classical.choice,
 Quot.sound]
info: Erdos625/AxiomAudit.lean:1115:0: 'Erdos625.totalDemand_le_rowTotal_of_witness' depends on axioms: [propext, Classical.choice, Quot.sound]
info: Erdos625/AxiomAudit.lean:1116:0: 'Erdos625.sum_residualRowDegree_eq_sum_residualColumnDegree' depends on axioms: [propext, Classical.choice, Quot.sound]
info: Erdos625/AxiomAudit.lean:1117:0: 'Erdos625.sum_residualRowDegree_eq_rowTotal_sub_totalDemand' depends on axioms: [propext, Classical.choice, Quot.sound]
info: Erdos625/AxiomAudit.lean:1118:0: 'Erdos625.sum_residualColumnDegree_eq_colTotal_sub_totalDemand' depends on axioms: [propext,
 Classical.choice,
 Quot.sound]
info: Erdos625/AxiomAudit.lean:1119:0: 'Erdos625.residualDegreeProfile_of_witness' depends on axioms: [propext, Classical.choice, Quot.sound]
info: Erdos625/AxiomAudit.lean:1120:0: 'Erdos625.sum_nearSkeletonChoiceWeight_eq_product' depends on axioms: [propext, Classical.choice, Quot.sound]
info: Erdos625/AxiomAudit.lean:1121:0: 'Erdos625.nearCellChoiceExpansion_and_succ_cross_mul' depends on axioms: [propext, Classical.choice, Quot.sound]
info: Erdos625/AxiomAudit.lean:1122:0: 'Erdos625.sum_nearSkeletonChoiceWeight_le_one_add_pow' depends on axioms: [propext, Classical.choice, Quot.sound]
info: Erdos625/AxiomAudit.lean:1123:0: 'Erdos625.sum_nearSkeletonChoiceWeight_le_exp_of_card' depends on axioms: [propext, Classical.choice, Quot.sound]
info: Erdos625/AxiomAudit.lean:1124:0: 'Erdos625.supportIndexed_fullConstraints_iff_residual' depends on axioms: [propext, Classical.choice, Quot.sound]
info: Erdos625/AxiomAudit.lean:1125:0: 'Erdos625.sub_min_add_sub_min_eq_dist' depends on axioms: [propext, Classical.choice, Quot.sound]
info: Erdos625/AxiomAudit.lean:1126:0: 'Erdos625.add_eq_two_mul_min_add_dist' depends on axioms: [propext, Classical.choice, Quot.sound]
info: Erdos625/AxiomAudit.lean:1127:0: 'Erdos625.descFactorial_endpoint_transport' depends on axioms: [propext, Classical.choice, Quot.sound]
info: Erdos625/AxiomAudit.lean:1128:0: 'Erdos625.descFactorial_endpoint_transport_succ' depends on axioms: [propext, Classical.choice, Quot.sound]
info: Erdos625/AxiomAudit.lean:1129:0: 'Erdos625.descFactorial_min_transport' depends on axioms: [propext, Classical.choice, Quot.sound]
info: Erdos625/AxiomAudit.lean:1130:0: 'Erdos625.descFactorial_min_transport_succ' depends on axioms: [propext, Classical.choice, Quot.sound]
info: Erdos625/AxiomAudit.lean:1131:0: 'Erdos625.degreeSquareSum_le_cap_mul_total' depends on axioms: [propext, Classical.choice, Quot.sound]
info: Erdos625/AxiomAudit.lean:1132:0: 'Erdos625.degreeCubeSum_le_cap_sq_mul_total' depends on axioms: [propext, Classical.choice, Quot.sound]
info: Erdos625/AxiomAudit.lean:1133:0: 'Erdos625.degreeSquareSum_real_le_cap_mul_total' depends on axioms: [propext, Classical.choice, Quot.sound]
info: Erdos625/AxiomAudit.lean:1134:0: 'Erdos625.degreeCubeSum_real_le_cap_sq_mul_total' depends on axioms: [propext, Classical.choice, Quot.sound]
info: Erdos625/AxiomAudit.lean:1135:0: 'Erdos625.degreeSquareSum_ennreal_le_cap_mul_total' depends on axioms: [propext, Classical.choice, Quot.sound]
info: Erdos625/AxiomAudit.lean:1136:0: 'Erdos625.degreeCubeSum_ennreal_le_cap_sq_mul_total' depends on axioms: [propext, Classical.choice, Quot.sound]
info: Erdos625/AxiomAudit.lean:1137:0: 'Erdos625.sum_configurationCellTheta_sq_row' depends on axioms: [propext, Classical.choice, Quot.sound]
info: Erdos625/AxiomAudit.lean:1138:0: 'Erdos625.sum_configurationCellTheta_sq_column' depends on axioms: [propext, Classical.choice, Quot.sound]
info: Erdos625/AxiomAudit.lean:1139:0: 'Erdos625.sum_configurationCellTheta_cube' depends on axioms: [propext, Classical.choice, Quot.sound]
info: Erdos625/AxiomAudit.lean:1140:0: 'Erdos625.sum_configurationCellTheta_sq_row_le_raw' depends on axioms: [propext, Classical.choice, Quot.sound]
info: Erdos625/AxiomAudit.lean:1141:0: 'Erdos625.sum_configurationCellTheta_sq_column_le_raw' depends on axioms: [propext, Classical.choice, Quot.sound]
info: Erdos625/AxiomAudit.lean:1142:0: 'Erdos625.sum_configurationCellTheta_sq_row_le' depends on axioms: [propext, Classical.choice, Quot.sound]
info: Erdos625/AxiomAudit.lean:1143:0: 'Erdos625.sum_configurationCellTheta_sq_column_le' depends on axioms: [propext, Classical.choice, Quot.sound]
info: Erdos625/AxiomAudit.lean:1144:0: 'Erdos625.sum_configurationCellTheta_sq_row_le_uniform' depends on axioms: [propext, Classical.choice, Quot.sound]
info: Erdos625/AxiomAudit.lean:1145:0: 'Erdos625.sum_configurationCellTheta_sq_column_le_uniform' depends on axioms: [propext, Classical.choice, Quot.sound]
info: Erdos625/AxiomAudit.lean:1146:0: 'Erdos625.sum_configurationCellTheta_cube_le_raw' depends on axioms: [propext, Classical.choice, Quot.sound]
info: Erdos625/AxiomAudit.lean:1147:0: 'Erdos625.sum_configurationCellTheta_cube_le' depends on axioms: [propext, Classical.choice, Quot.sound]
info: Erdos625/AxiomAudit.lean:1148:0: 'Erdos625.configurationCellTheta_eq_zero_of_rowTotal_zero' depends on axioms: [propext, Classical.choice, Quot.sound]
info: Erdos625/AxiomAudit.lean:1149:0: 'Erdos625.configurationCellTheta_eq_zero_of_colTotal_zero' depends on axioms: [propext, Classical.choice, Quot.sound]
info: Erdos625/AxiomAudit.lean:1150:0: 'Erdos625.sum_configurationCellTheta_cube_eq_zero_of_total_zero' depends on axioms: [propext,
 Classical.choice,
 Quot.sound]
info: Erdos625/AxiomAudit.lean:1151:0: 'Erdos625.selectedBlockCount_increment' depends on axioms: [propext, Classical.choice, Quot.sound]
info: Erdos625/AxiomAudit.lean:1152:0: 'Erdos625.selectedVertexMass_increment' depends on axioms: [propext, Classical.choice, Quot.sound]
info: Erdos625/AxiomAudit.lean:1153:0: 'Erdos625.selectedInternalEdgeCount_increment' depends on axioms: [propext, Classical.choice, Quot.sound]
info: Erdos625/AxiomAudit.lean:1154:0: 'Erdos625.partialProfileFactorialProduct_increment' depends on axioms: [propext, Classical.choice, Quot.sound]
info: Erdos625/AxiomAudit.lean:1155:0: 'Erdos625.partialMarkingCount_increment_mul' depends on axioms: [propext, Classical.choice, Quot.sound]
info: Erdos625/AxiomAudit.lean:1156:0: 'Erdos625.isPartialSubprofile_increment' depends on axioms: [propext, Classical.choice, Quot.sound]
info: Erdos625/AxiomAudit.lean:1157:0: 'Erdos625.partialSignedFirstMoment_pos' depends on axioms: [propext, Classical.choice, Quot.sound]
info: Erdos625/AxiomAudit.lean:1158:0: 'Erdos625.partialMarkingCount_pos' depends on axioms: [propext, Quot.sound]
info: Erdos625/AxiomAudit.lean:1159:0: 'Erdos625.partialDiagonalWeight_pos' depends on axioms: [propext, Classical.choice, Quot.sound]
info: Erdos625/AxiomAudit.lean:1160:0: 'Erdos625.partialDiagonalWeight_zero' depends on axioms: [propext, Classical.choice, Quot.sound]
info: Erdos625/AxiomAudit.lean:1161:0: 'Erdos625.partialSignedFirstMoment_increment_mul' depends on axioms: [propext, Classical.choice, Quot.sound]
info: Erdos625/AxiomAudit.lean:1162:0: 'Erdos625.partialDiagonalWeight_increment_mul' depends on axioms: [propext, Classical.choice, Quot.sound]
info: Erdos625/AxiomAudit.lean:1163:0: 'Erdos625.partialDiagonalWeight_increment_div' depends on axioms: [propext, Classical.choice, Quot.sound]
info: Erdos625/AxiomAudit.lean:1164:0: 'Erdos625.completeSignedFirstMoment_pos' depends on axioms: [propext, Classical.choice, Quot.sound]
info: Erdos625/AxiomAudit.lean:1165:0: 'Erdos625.residualMarkingCount_pos' depends on axioms: [propext, Quot.sound]
info: Erdos625/AxiomAudit.lean:1166:0: 'Erdos625.fullCornerWeight_pos' depends on axioms: [propext, Classical.choice, Quot.sound]
info: Erdos625/AxiomAudit.lean:1167:0: 'Erdos625.complementaryProfile_add' depends on axioms: [propext]
info: Erdos625/AxiomAudit.lean:1168:0: 'Erdos625.selectedBlockCount_complement_add' depends on axioms: [propext, Quot.sound]
info: Erdos625/AxiomAudit.lean:1169:0: 'Erdos625.selectedVertexMass_complement_add' depends on axioms: [propext, Quot.sound]
info: Erdos625/AxiomAudit.lean:1170:0: 'Erdos625.selectedVertexMass_complement_le_of_fullMass' depends on axioms: [propext, Quot.sound]
info: Erdos625/AxiomAudit.lean:1171:0: 'Erdos625.selectedVertexMass_le_of_fullMass' depends on axioms: [propext, Quot.sound]
info: Erdos625/AxiomAudit.lean:1172:0: 'Erdos625.selectedInternalEdgeCount_complement_add' depends on axioms: [propext, Quot.sound]
info: Erdos625/AxiomAudit.lean:1173:0: 'Erdos625.partialMarkingCount_complement' depends on axioms: [propext, Classical.choice, Quot.sound]
info: Erdos625/AxiomAudit.lean:1174:0: 'Erdos625.residualMarking_mul_profileFactorials' depends on axioms: [propext, Classical.choice, Quot.sound]
info: Erdos625/AxiomAudit.lean:1175:0: 'Erdos625.partialDiagonalWeight_complement_mul_complete' depends on axioms: [propext, Classical.choice, Quot.sound]
info: Erdos625/AxiomAudit.lean:1176:0: 'Erdos625.partialDiagonalWeight_complement_eq_fullCorner_div' depends on axioms: [propext, Classical.choice, Quot.sound]
info: Erdos625/AxiomAudit.lean:1177:0: 'Erdos625.residualMarkingCount_increment_mul' depends on axioms: [propext, Classical.choice, Quot.sound]
info: Erdos625/AxiomAudit.lean:1178:0: 'Erdos625.completeSignedFirstMoment_increment_mul' depends on axioms: [propext, Classical.choice, Quot.sound]
info: Erdos625/AxiomAudit.lean:1179:0: 'Erdos625.fullCornerWeight_increment_mul' depends on axioms: [propext, Classical.choice, Quot.sound]
info: Erdos625/AxiomAudit.lean:1180:0: 'Erdos625.fullCornerWeight_increment_div' depends on axioms: [propext, Classical.choice, Quot.sound]
info: Erdos625/AxiomAudit.lean:1181:0: 'Erdos625.exists_finpartition_refinement_card_eq' depends on axioms: [propext, Classical.choice, Quot.sound]
info: Erdos625/AxiomAudit.lean:1182:0: 'Erdos625.exists_bounded_proper_refinement_card_eq' depends on axioms: [propext, Classical.choice, Quot.sound]
info: Erdos625/AxiomAudit.lean:1183:0: 'Erdos625.partitionShape_eq_sizes_vertexPartitionProfile' depends on axioms: [propext, Classical.choice, Quot.sound]
info: Erdos625/AxiomAudit.lean:1184:0: 'Erdos625.boundedProfileColoringCount_pos_of_partition' depends on axioms: [propext, Classical.choice, Quot.sound]
info: Erdos625/AxiomAudit.lean:1185:0: 'Erdos625.card_parts_coloringVertexPartition_le' depends on axioms: [propext, Classical.choice, Quot.sound]
info: Erdos625/AxiomAudit.lean:1186:0: 'Erdos625.exists_exact_proper_partition_of_chromaticNumberNat_le' depends on axioms: [propext,
 Classical.choice,
 Quot.sound]
info: Erdos625/AxiomAudit.lean:1187:0: 'Erdos625.boundedProfileColoringCount_pos_of_chromaticNumberNat_le' depends on axioms: [propext,
 Classical.choice,
 Quot.sound]
info: Erdos625/AxiomAudit.lean:1188:0: 'Erdos625.chromaticNumberNat_le_set_subset_boundedProfileColoringCount_pos_union' depends on axioms: [propext,
 Classical.choice,
 Quot.sound]
info: Erdos625/AxiomAudit.lean:1189:0: 'Erdos625.randomGraphMeasure_boundedProfileColoringCountPositive_le_expectation' depends on axioms: [propext,
 Classical.choice,
 Quot.sound]
info: Erdos625/AxiomAudit.lean:1190:0: 'Erdos625.randomGraphMeasure_chromaticNumberAtMost_le_expectation_add_independence' depends on axioms: [propext,
 Classical.choice,
 Quot.sound]
info: Erdos625/AxiomAudit.lean:1191:0: 'Erdos625.randomGraphMeasure_chromaticNumberAtMost_le_box_mul_exp_add_mu' depends on axioms: [propext,
 Classical.choice,
 Quot.sound]
info: Erdos625/AxiomAudit.lean:1192:0: 'Erdos625.randomGraphMeasure_chromaticNumberAtMost_le_profileDual_add_mu' depends on axioms: [propext,
 Classical.choice,
 Quot.sound]
info: Erdos625/AxiomAudit.lean:1193:0: 'Erdos625.randomGraphMeasure_chromaticNumberAtMost_phaseCap_tendsto_zero_of_dual' depends on axioms: [propext,
 Classical.choice,
 Quot.sound]
info: Erdos625/AxiomAudit.lean:1194:0: 'Erdos625.randomGraphMeasure_chromaticNumberAtMost_phaseCap_tendsto_zero_of_log_dual' depends on axioms: [propext,
 Classical.choice,
 Quot.sound]
info: Erdos625/AxiomAudit.lean:1195:0: 'Erdos625.chromaticAtMost_tendsto_zero_of_phaseEnvelope_atBot' depends on axioms: [propext,
 Classical.choice,
 Quot.sound]
info: Erdos625/AxiomAudit.lean:1196:0: 'Erdos625.randomGraphMeasure_chromaticNumberAtMost_phaseCap_tendsto_zero_of_log_dual_le' depends on axioms: [propext,
 Classical.choice,
 Quot.sound]
info: Erdos625/AxiomAudit.lean:1197:0: 'Erdos625.randomGraphMeasure_chromaticNumberAtMost_phaseCap_tendsto_zero_of_normalized_log_dual' depends on axioms: [propext,
 Classical.choice,
 Quot.sound]
info: Erdos625/AxiomAudit.lean:1198:0: 'Erdos625.factorialLogErrorBound_div_logOrder_tendsto_one' depends on axioms: [propext, Classical.choice, Quot.sound]
info: Erdos625/AxiomAudit.lean:1199:0: 'Erdos625.randomGraphMeasure_chromaticNumberAtMost_phaseCap_tendsto_zero_of_normalized_core' depends on axioms: [propext,
 Classical.choice,
 Quot.sound]
info: Erdos625/AxiomAudit.lean:1200:0: 'Erdos625.randomGraphMeasure_chromaticNumberAtMost_phaseCap_tendsto_zero_of_phaseObjective' depends on axioms: [propext,
 Classical.choice,
 Quot.sound]
info: Erdos625/AxiomAudit.lean:1201:0: 'Erdos625.signed_root_separation_of_advantage_and_slope' depends on axioms: [propext, Classical.choice, Quot.sound]
info: Erdos625/AxiomAudit.lean:1202:0: 'Erdos625.root_midpoint_rounding_gap' depends on axioms: [propext, Classical.choice, Quot.sound]
info: Erdos625/AxiomAudit.lean:1203:0: 'Erdos625.root_midpoint_rounding_gap_toNat' depends on axioms: [propext, Classical.choice, Quot.sound]
info: Erdos625/AxiomAudit.lean:1204:0: 'Erdos625.eventually_concrete_root_corridor_gap' depends on axioms: [propext, Classical.choice, Quot.sound]
info: Erdos625/AxiomAudit.lean:1205:0: 'Erdos625.root_rounding_budget_spec' depends on axioms: [propext, Classical.choice, Quot.sound]
info: Erdos625/AxiomAudit.lean:1206:0: 'Erdos625.eventually_exp_neg_le_of_eventually_neg_le_log' depends on axioms: [propext, Classical.choice, Quot.sound]
info: Erdos625/AxiomAudit.lean:1207:0: 'Erdos625.tendsto_ennrealOfReal_exp_atTop_of_tendsto_atBot' depends on axioms: [propext, Classical.choice, Quot.sound]
info: Erdos625/AxiomAudit.lean:1208:0: 'Erdos625.profilePhaseObjective_eq_selected_core' depends on axioms: [propext, Classical.choice, Quot.sound]
info: Erdos625/AxiomAudit.lean:1209:0: 'Erdos625.hasDerivAt_profilePhaseObjective_parts' depends on axioms: [propext, Classical.choice, Quot.sound]
info: Erdos625/AxiomAudit.lean:1210:0: 'Erdos625.deriv_profilePhaseObjective_parts' depends on axioms: [propext, Classical.choice, Quot.sound]
info: Erdos625/AxiomAudit.lean:1211:0: 'Erdos625.coloringProfileDualExponentRewrite' depends on axioms: [propext, Classical.choice, Quot.sound]
info: Erdos625/AxiomAudit.lean:1212:0: 'Erdos625.sum_typedPartialMatching_skeletonWeight_eq_sum_unlabelledSkeletonFibre' depends on axioms: [propext,
 Classical.choice,
 Quot.sound]
info: Erdos625/AxiomAudit.lean:1213:0: 'Erdos625.UnlabelledTypedSkeleton.sum_typeTable_row_le' depends on axioms: [propext, Classical.choice, Quot.sound]
info: Erdos625/AxiomAudit.lean:1214:0: 'Erdos625.UnlabelledTypedSkeleton.sum_typeTable_column_le' depends on axioms: [propext, Classical.choice, Quot.sound]
info: Erdos625/AxiomAudit.lean:1215:0: 'Erdos625.uniformConfigurationMatching_sum_tagged_transport' depends on axioms: [propext, Classical.choice, Quot.sound]
info: Erdos625/AxiomAudit.lean:1216:0: 'Erdos625.residualActualAttachmentNumerator_le_of_forall_event_integrand_le' depends on axioms: [propext,
 Classical.choice,
 Quot.sound]
info: Erdos625/AxiomAudit.lean:1217:0: 'Erdos625.residualActualAttachmentNumerator_empty_eq_one_of_total_zero' depends on axioms: [propext,
 Classical.choice,
 Quot.sound]
info: Erdos625/AxiomAudit.lean:1218:0: 'Erdos625.canonicalDemandRawAttachmentTerm_eq_bare_of_residualTotal_zero_of_matching' depends on axioms: [propext,
 Classical.choice,
 Quot.sound]
info: Erdos625/AxiomAudit.lean:1219:0: 'Erdos625.signed_margin_gt_log_200_div_153_of_dual_ratio' depends on axioms: [propext, Classical.choice, Quot.sound]
info: Erdos625/AxiomAudit.lean:1220:0: 'Erdos625.entropy_loss_le_log_partition_ratio' depends on axioms: [propext, Classical.choice, Quot.sound]
info: Erdos625/AxiomAudit.lean:1221:0: 'Erdos625.exists_s4_embedded_extendedGaussian_witness' depends on axioms: [propext, Classical.choice, Quot.sound]
info: Erdos625/AxiomAudit.lean:1222:0: 'Erdos625.splusEntropySupremumDualInterior_bundle' depends on axioms: [propext, Classical.choice, Quot.sound]
info: Erdos625/AxiomAudit.lean:1223:0: 'Erdos625.exists_s4_embedded_extendedGaussian_witness_allTilts' depends on axioms: [propext,
 Classical.choice,
 Quot.sound]
info: Erdos625/AxiomAudit.lean:1224:0: 'Erdos625.extendedGaussianEntropyValue_le_dual_interior' depends on axioms: [propext, Classical.choice, Quot.sound]
info: Erdos625/AxiomAudit.lean:1225:0: 'Erdos625.fourGaussian_optimizedValue_le_extendedGaussianEntropyValue' depends on axioms: [propext,
 Classical.choice,
 Quot.sound]
info: Erdos625/AxiomAudit.lean:1226:0: 'Erdos625.fourEntropyLoss_nonneg_interior' depends on axioms: [propext, Classical.choice, Quot.sound]
info: Erdos625/AxiomAudit.lean:1227:0: 'Erdos625.log_normalized_extendedGaussianNaturalTerm' depends on axioms: [propext, Classical.choice, Quot.sound]
info: Erdos625/AxiomAudit.lean:1228:0: 'Erdos625.log_normalized_extendedGaussianExceptionalAtom' depends on axioms: [propext, Classical.choice, Quot.sound]
info: Erdos625/AxiomAudit.lean:1229:0: 'Erdos625.extendedGaussianNaturalEntropyTerm_le_normalized' depends on axioms: [propext, Classical.choice, Quot.sound]
info: Erdos625/AxiomAudit.lean:1230:0: 'Erdos625.extendedGaussianExceptionalEntropyTerm_le_normalized' depends on axioms: [propext,
 Classical.choice,
 Quot.sound]
info: Erdos625/AxiomAudit.lean:1231:0: 'Erdos625.extendedGaussian_finite_dual_bound_of_nonneg' depends on axioms: [propext, Classical.choice, Quot.sound]
info: Erdos625/AxiomAudit.lean:1232:0: 'Erdos625.extendedGaussianEntropyWitnessAllTilts_iff_sPlusPrimalProfile' depends on axioms: [propext,
 Classical.choice,
 Quot.sound]
info: Erdos625/AxiomAudit.lean:1233:0: 'Erdos625.extendedGaussianEntropyCandidateSet_eq_sPlusPrimalCandidateSet' depends on axioms: [propext,
 Classical.choice,
 Quot.sound]
info: Erdos625/AxiomAudit.lean:1234:0: 'Erdos625.extendedGaussianEntropyValue_eq_sPlusPrimalEntropyValue' depends on axioms: [propext,
 Classical.choice,
 Quot.sound]
info: Erdos625/AxiomAudit.lean:1235:0: 'Erdos625.fourEntropyLoss_eq_sPlusPrimalEntropyValue_sub' depends on axioms: [propext, Classical.choice, Quot.sound]
info: Erdos625/AxiomAudit.lean:1236:0: 'Erdos625.sum_partialDiagonalWeight_le_exp_sum_of_mu_lower_on_mass' depends on axioms: [propext,
 Classical.choice,
 Quot.sound]
info: Erdos625/AxiomAudit.lean:1237:0: 'Erdos625.sum_partialDiagonalWeight_le_product_truncatedExp' depends on axioms: [propext, Classical.choice, Quot.sound]
info: Erdos625/AxiomAudit.lean:1238:0: 'Erdos625.mu_le_of_le_vertex_count' depends on axioms: [propext, Classical.choice, Quot.sound]
info: Erdos625/AxiomAudit.lean:1239:0: 'Erdos625.partialDiagonalWeight_increment_le_of_mu_cutoff_activity' depends on axioms: [propext,
 Classical.choice,
 Quot.sound]
info: Erdos625/AxiomAudit.lean:1240:0: 'Erdos625.signedOverlapReward_canonicalRewardState_eq_attachment' depends on axioms: [propext,
 Classical.choice,
 Quot.sound]
info: Erdos625/AxiomAudit.lean:1241:0: 'Erdos625.sum_uniformConfigurationMatching_signedOverlapReward_eq_skeletonAttachmentSum' depends on axioms: [propext,
 Classical.choice,
 Quot.sound]
info: Erdos625/AxiomAudit.lean:1242:0: 'Erdos625.sum_uniformConfigurationMatching_signedOverlapReward_eq_skeletonCycleRankSum' depends on axioms: [propext,
 Classical.choice,
 Quot.sound]
info: Erdos625/AxiomAudit.lean:1243:0: 'Erdos625.sum_uniformProfile_signedOverlapReward_eq_skeletonAttachmentSum' depends on axioms: [propext,
 Classical.choice,
 Quot.sound]
info: Erdos625/AxiomAudit.lean:1244:0: 'Erdos625.sum_uniformProfile_signedOverlapReward_eq_skeletonCycleRankSum' depends on axioms: [propext,
 Classical.choice,
 Quot.sound]
info: Erdos625/AxiomAudit.lean:1245:0: 'Erdos625.exists_absolute_residualActualAttachmentNumerator_le_largeResidualEnvelope' depends on axioms: [propext,
 Classical.choice,
 Quot.sound]
info: Erdos625/AxiomAudit.lean:1246:0: 'Erdos625.ennreal_le_of_coe_le_ereal_exp_toReal' depends on axioms: [propext, Classical.choice, Quot.sound]
info: Erdos625/AxiomAudit.lean:1247:0: 'Erdos625.residualLargeEnvelope_ne_top' depends on axioms: [propext, Classical.choice, Quot.sound]
info: Erdos625/AxiomAudit.lean:1248:0: 'Erdos625.profileHighSkeletonAttachment_le_smallResidualExpScale' depends on axioms: [propext,
 Classical.choice,
 Quot.sound]
info: Erdos625/AxiomAudit.lean:1249:0: 'Erdos625.exists_absolute_profileHighSkeletonAttachment_le_largeResidualExp' depends on axioms: [propext,
 Classical.choice,
 Quot.sound]
info: Erdos625/AxiomAudit.lean:1250:0: 'Erdos625.nearCut_le_iff_four_mul_lt' depends on axioms: [propext, Classical.choice, Quot.sound]
info: Erdos625/AxiomAudit.lean:1251:0: 'Erdos625.denominatorLoss_eq_falling_and_le_pow' depends on axioms: [propext, Classical.choice, Quot.sound]
info: Erdos625/AxiomAudit.lean:1252:0: 'Erdos625.fullCornerWeight_le_one_of_local_ratio' depends on axioms: [propext, Classical.choice, Quot.sound]
info: Erdos625/AxiomAudit.lean:1253:0: 'Erdos625.sum_partialDiagonalWeight_fullCorner_eq' depends on axioms: [propext, Classical.choice, Quot.sound]
info: Erdos625/AxiomAudit.lean:1254:0: 'Erdos625.sum_partialDiagonalWeight_fullCorner_filter_mul_complete_eq' depends on axioms: [propext,
 Classical.choice,
 Quot.sound]
info: Erdos625/AxiomAudit.lean:1255:0: 'Erdos625.mu_div_mu_sub_le_pow' depends on axioms: [propext, Classical.choice, Quot.sound]
info: Erdos625/AxiomAudit.lean:1256:0: 'Erdos625.UnlabelledTypedSkeleton.typeTable_ne_zero_iff_exists_physical_edge' depends on axioms: [propext,
 Classical.choice,
 Quot.sound]
info: Erdos625/AxiomAudit.lean:1257:0: 'Erdos625.CappedPhysicalHighFibre.demand_ne_zero_iff_exists_physical_edge' depends on axioms: [propext,
 Classical.choice,
 Quot.sound]
info: Erdos625/AxiomAudit.lean:1258:0: 'Erdos625.encodeRawNearMiddle_reconstructs_and_is_disjoint' depends on axioms: [propext, Classical.choice, Quot.sound]
info: Erdos625/AxiomAudit.lean:1259:0: 'Erdos625.positiveDemandSupport_card_mul_cap_le_two_total' depends on axioms: [propext, Classical.choice, Quot.sound]
info: Erdos625/AxiomAudit.lean:1260:0: 'Erdos625.eventually_phaseControlled_two_pow_le_cube' depends on axioms: [propext, Classical.choice, Quot.sound]
info: Erdos625/AxiomAudit.lean:1261:0: 'Erdos625.card_profileBlockIndex_le_vertex_count_of_orderedProfilePartition' depends on axioms: [propext,
 Classical.choice,
 Quot.sound]
info: Erdos625/AxiomAudit.lean:1262:0: 'Erdos625.midpointCanonicalAttachmentSum_le_bare_mul' depends on axioms: [propext, Classical.choice, Quot.sound]
info: Erdos625/AxiomAudit.lean:1263:0: 'Erdos625.exists_midpointCanonicalAttachment_twoRegime_error' depends on axioms: [propext, Classical.choice, Quot.sound]
info: Erdos625/AxiomAudit.lean:1264:0: 'Erdos625.sum_zeroResidual_canonicalDemandRawAttachmentTerm_eq_bare' depends on axioms: [propext,
 Classical.choice,
 Quot.sound]
info: Erdos625/AxiomAudit.lean:1265:0: 'Erdos625.profileHighSkeleton_cardinality_and_support_mass_bounds' depends on axioms: [propext,
 Classical.choice,
 Quot.sound]
info: Erdos625/AxiomAudit.lean:1266:0: 'Erdos625.unrestrictedPhaseObjective_div_eq_deficitCentered' depends on axioms: [propext, Classical.choice, Quot.sound]
info: Erdos625/AxiomAudit.lean:1267:0: 'Erdos625.log_profileDeficitPartition_mem_Icc_gaussianEnvelope' depends on axioms: [propext,
 Classical.choice,
 Quot.sound]
info: Erdos625/AxiomAudit.lean:1268:0: 'Erdos625.phaseRootDeficitTarget_eq' depends on axioms: [propext, Classical.choice, Quot.sound]
info: Erdos625/AxiomAudit.lean:1269:0: 'Erdos625.unrestrictedPhaseObjective_center_div_decomposition' depends on axioms: [propext,
 Classical.choice,
 Quot.sound]
info: Erdos625/AxiomAudit.lean:1270:0: 'Erdos625.phaseRootAlgebraicNoLog_sub_logOrder_isBigO' depends on axioms: [propext, Classical.choice, Quot.sound]
info: Erdos625/AxiomAudit.lean:1271:0: 'Erdos625.logOrder_sub_log_phaseRootCenter_isBigO' depends on axioms: [propext, Classical.choice, Quot.sound]
info: Erdos625/AxiomAudit.lean:1272:0: 'Erdos625.phaseRootAlgebraicCore_isBigO' depends on axioms: [propext, Classical.choice, Quot.sound]
info: Erdos625/AxiomAudit.lean:1273:0: 'Erdos625.phaseRootScalarTerm_eq_stirlingForm' depends on axioms: [propext, Classical.choice, Quot.sound]
info: Erdos625/AxiomAudit.lean:1274:0: 'Erdos625.phaseRootScalarTerm_eq_core' depends on axioms: [propext, Classical.choice, Quot.sound]
info: Erdos625/AxiomAudit.lean:1275:0: 'Erdos625.phaseExpansionResidual_isBigO_logLogOrder' depends on axioms: [propext, Classical.choice, Quot.sound]
info: Erdos625/AxiomAudit.lean:1276:0: 'Erdos625.phaseNat_stirlingLogRemainder_isBigO_logLogOrder' depends on axioms: [propext, Classical.choice, Quot.sound]
info: Erdos625/AxiomAudit.lean:1277:0: 'Erdos625.phaseStirlingResidual_isBigO_logLogOrder' depends on axioms: [propext, Classical.choice, Quot.sound]
info: Erdos625/AxiomAudit.lean:1278:0: 'Erdos625.phaseRootScalarTerm_isBigO_logLogOrder' depends on axioms: [propext, Classical.choice, Quot.sound]
info: Erdos625/AxiomAudit.lean:1279:0: 'Erdos625.phaseRootSelectedDeficitTerm_isBigO_one' depends on axioms: [propext, Classical.choice, Quot.sound]
info: Erdos625/AxiomAudit.lean:1280:0: 'Erdos625.unrestrictedPhaseObjective_center_div_isBigO_logLogOrder' depends on axioms: [propext,
 Classical.choice,
 Quot.sound]
info: Erdos625/AxiomAudit.lean:1281:0: 'Erdos625.phaseRootS0_isEquivalent_scaled_logOrder' depends on axioms: [propext, Classical.choice, Quot.sound]
info: Erdos625/AxiomAudit.lean:1282:0: 'Erdos625.abs_profileDeficitAffineCore_sub_quadratic_le' depends on axioms: [propext, Classical.choice, Quot.sound]
info: Erdos625/AxiomAudit.lean:1283:0: 'Erdos625.finite_four_entropy_loss_eq_limiting_add_error' depends on axioms: [propext, Classical.choice, Quot.sound]
info: Erdos625/AxiomAudit.lean:1284:0: 'Erdos625.finiteFourVsExtendedEntropyLoss_nonneg' depends on axioms: [propext, Classical.choice, Quot.sound]
info: Erdos625/AxiomAudit.lean:1285:0: 'Erdos625.eventually_profileHighSkeletonAttachment_le_smallResidual_logScale' depends on axioms: [propext,
 Classical.choice,
 Quot.sound]
info: Erdos625/AxiomAudit.lean:1286:0: 'Erdos625.eventually_profileHighSkeletonAttachment_le_largeResidual_logScale' depends on axioms: [propext,
 Classical.choice,
 Quot.sound]
info: Erdos625/AxiomAudit.lean:1287:0: 'Erdos625.exists_absolute_residualActualAttachmentNumerator_le_largeResidualExp' depends on axioms: [propext,
 Classical.choice,
 Quot.sound]
info: Erdos625/AxiomAudit.lean:1288:0: 'Erdos625.profilePhaseObjective_eq_profileBoxTerm_add_unrestricted' depends on axioms: [propext,
 Classical.choice,
 Quot.sound]
info: Erdos625/AxiomAudit.lean:1289:0: 'Erdos625.phaseRoot_target_identity' depends on axioms: [propext, Classical.choice, Quot.sound]
info: Erdos625/AxiomAudit.lean:1290:0: 'Erdos625.eventually_phaseRoot_domain_pos_and_target_corridor' depends on axioms: [propext,
 Classical.choice,
 Quot.sound]
info: Erdos625/AxiomAudit.lean:1291:0: 'Erdos625.uniform_limiting_entropy_certificate_for_delta' depends on axioms: [propext, Classical.choice, Quot.sound]
info: Erdos625/AxiomAudit.lean:1292:0: 'Erdos625.uniformProfile_signedOverlapReward_le_zeroRaw_add_rawSmall_add_largePolymer' depends on axioms: [propext,
 Classical.choice,
 Quot.sound]
info: Erdos625/AxiomAudit.lean:1293:0: 'Erdos625.fourDeficitCoordinate_val_add_one_eq' depends on axioms: [propext, Classical.choice, Quot.sound]
info: Erdos625/AxiomAudit.lean:1294:0: 'Erdos625.fourDeficitCoordinate_injective' depends on axioms: [propext, Classical.choice, Quot.sound]
info: Erdos625/AxiomAudit.lean:1295:0: 'Erdos625.nonempty_orderedProfilePartition_of_vertexMass' depends on axioms: [propext, Classical.choice, Quot.sound]
info: Erdos625/AxiomAudit.lean:1296:0: 'Erdos625.partialDiagonalRate_uniform_negative' depends on axioms: [propext, Classical.choice, Quot.sound]
info: Erdos625/AxiomAudit.lean:1297:0: 'Erdos625.CappedPhysicalHighFibre.mem_canonicalNearEdges' depends on axioms: [propext, Classical.choice, Quot.sound]
info: Erdos625/AxiomAudit.lean:1298:0: 'Erdos625.CappedPhysicalHighFibre.canonicalNearSkeleton_typeTable' depends on axioms: [propext,
 Classical.choice,
 Quot.sound]
info: Erdos625/AxiomAudit.lean:1299:0: 'Erdos625.UnlabelledTypedSkeleton.cellFilter_eq_of_edges_subset_of_typeTable_eq' depends on axioms: [propext,
 Quot.sound]
info: Erdos625/AxiomAudit.lean:1300:0: 'Erdos625.CappedPhysicalHighFibre.canonicalNearPrefix_noFurtherNear' depends on axioms: [propext,
 Classical.choice,
 Quot.sound]
info: Erdos625/AxiomAudit.lean:1301:0: 'Erdos625.NearPrefix.edges_eq_canonicalNearEdges_of_noFurtherNear' depends on axioms: [propext,
 Classical.choice,
 Quot.sound]
info: Erdos625/AxiomAudit.lean:1302:0: 'Erdos625.NearPrefix.physical_eq_canonicalNearSkeleton_of_noFurtherNear' depends on axioms: [propext,
 Classical.choice,
 Quot.sound]
info: Erdos625/AxiomAudit.lean:1303:0: 'Erdos625.CappedPhysicalHighFibre.existsUnique_nearPrefix_noFurtherNear' depends on axioms: [propext,
 Classical.choice,
 Quot.sound]
info: Erdos625/AxiomAudit.lean:1304:0: 'Erdos625.encodeRawNearMiddle_injective' depends on axioms: [propext, Classical.choice, Quot.sound]
info: Erdos625/AxiomAudit.lean:1305:0: 'Erdos625.fourEndpoint_profile_indexing_facts' depends on axioms: [propext, Classical.choice, Quot.sound]
info: Erdos625/AxiomAudit.lean:1306:0: 'Erdos625.fourEndpoint_endpointOnly_isCanonicalHigh' depends on axioms: [propext, Classical.choice, Quot.sound]
info: Erdos625/AxiomAudit.lean:1307:0: 'Erdos625.fourEndpoint_fullTable_feasible_of_matching' depends on axioms: [propext, Classical.choice, Quot.sound]
info: Erdos625/AxiomAudit.lean:1308:0: 'Erdos625.fourEndpoint_rowAssignment_product_expansion' depends on axioms: [propext, Classical.choice, Quot.sound]
info: Erdos625/AxiomAudit.lean:1309:0: 'Erdos625.fullCornerWeight_le_one_of_mu_cap' depends on axioms: [propext, Classical.choice, Quot.sound]
info: Erdos625/AxiomAudit.lean:1310:0: 'Erdos625.sum_partialDiagonalWeight_fullCorner_filter_mul_complete_le_exp_sum_of_mu_cap' depends on axioms: [propext,
 Classical.choice,
 Quot.sound]
info: Erdos625/AxiomAudit.lean:1311:0: 'Erdos625.sum_partialDiagonalWeight_le_exp_sum_muCutoffActivity' depends on axioms: [propext,
 Classical.choice,
 Quot.sound]
info: Erdos625/AxiomAudit.lean:1312:0: 'Erdos625.partialDiagonalRate_uniform_negative_fourDeficit' depends on axioms: [propext, Classical.choice, Quot.sound]
info: Erdos625/AxiomAudit.lean:1313:0: 'Erdos625.partialDiagonal_log_upper_envelope_midpoint_fourDeficit' depends on axioms: [propext,
 Classical.choice,
 Quot.sound]
info: Erdos625/AxiomAudit.lean:1314:0: 'Erdos625.midpointPartialDiagonalRho_eq_residual_add_correction' depends on axioms: [propext,
 Classical.choice,
 Quot.sound]
info: Erdos625/AxiomAudit.lean:1315:0: 'Erdos625.eventually_five_lt_phaseNat' depends on axioms: [propext, Classical.choice, Quot.sound]
info: Erdos625/AxiomAudit.lean:1316:0: 'Erdos625.deficit_cast_eq_parts_mul_fourSizeTarget' depends on axioms: [propext, Classical.choice, Quot.sound]
info: Erdos625/AxiomAudit.lean:1317:0: 'Erdos625.tangent_rounding_integer_conservation' depends on axioms: [propext, Classical.choice, Quot.sound]
info: Erdos625/AxiomAudit.lean:1318:0: 'Erdos625.tangent_floor_error_intervals' depends on axioms: [propext, Classical.choice, Quot.sound]
info: Erdos625/AxiomAudit.lean:1319:0: 'Erdos625.tangent_corrected_counts_nonnegative_of_fourteen' depends on axioms: [propext, Classical.choice, Quot.sound]
info: Erdos625/AxiomAudit.lean:1320:0: 'Erdos625.card_fourEndpointBlockPairing_mul_cellFactorials' depends on axioms: [propext, Classical.choice, Quot.sound]
info: Erdos625/AxiomAudit.lean:1321:0: 'Erdos625.card_fourEndpointDecoratedBlockPairing_mul_cellStubFactorials' depends on axioms: [propext,
 Classical.choice,
 Quot.sound]
info: Erdos625/AxiomAudit.lean:1322:0: 'Erdos625.fourEndpointDecoratedBlockPairingToPhysicalFibre' depends on axioms: [propext, Classical.choice, Quot.sound]
info: Erdos625/AxiomAudit.lean:1323:0: 'Erdos625.fourDeficitEmbedding_profile_invariants' depends on axioms: [propext, Classical.choice, Quot.sound]
info: Erdos625/AxiomAudit.lean:1324:0: 'Erdos625.fourDeficitEmbedding_eval_and_off_image' depends on axioms: [propext, Classical.choice, Quot.sound]
info: Erdos625/AxiomAudit.lean:1325:0: 'Erdos625.fourDeficitScore_le_fourGaussianScore' depends on axioms: [propext, Classical.choice, Quot.sound]
info: Erdos625/AxiomAudit.lean:1326:0: 'Erdos625.eventually_signedProfile_real_seed_of_midpointCanonicalPolymer_bound' depends on axioms: [propext,
 Classical.choice,
 Quot.sound]
info: Erdos625/AxiomAudit.lean:1327:0: 'Erdos625.fourEndpoint_mass_facts' depends on axioms: [propext, Classical.choice, Quot.sound]
info: Erdos625/AxiomAudit.lean:1328:0: 'Erdos625.fourEndpointLocalCellFactor_eq_lowerDiagonal_mul_choose' depends on axioms: [propext,
 Classical.choice,
 Quot.sound]
info: Erdos625/AxiomAudit.lean:1329:0: 'Erdos625.fourEndpointSizeDiagonalFactor_ratio' depends on axioms: [propext, Classical.choice, Quot.sound]
info: Erdos625/AxiomAudit.lean:1330:0: 'Erdos625.fourEndpointLocalCellFactor_sq_mul_transportDenominator' depends on axioms: [propext,
 Classical.choice,
 Quot.sound]
info: Erdos625/AxiomAudit.lean:1331:0: 'Erdos625.sum_fourEndpointRealized_W_mul_threeQuarterProduct_le_fusedRowMax' depends on axioms: [propext,
 Classical.choice,
 Quot.sound]
info: Erdos625/AxiomAudit.lean:1332:0: 'Erdos625.eventually_fourEndpointFusedRowMax_le_one_add_logOrder_rpow_five_halves_div_sqrt' depends on axioms: [propext,
 Classical.choice,
 Quot.sound]
info: Erdos625/AxiomAudit.lean:1333:0: 'Erdos625.card_singleCellStubMatching_mul_factorial' depends on axioms: [propext, Classical.choice, Quot.sound]
info: Erdos625/AxiomAudit.lean:1334:0: 'Erdos625.fourEndpoint_global_transport' depends on axioms: [propext, Classical.choice, Quot.sound]
info: Erdos625/AxiomAudit.lean:1335:0: 'Erdos625.profileHighSkeletonWeight_eq_fourEndpointPartialAggregateWeight' depends on axioms: [propext,
 Classical.choice,
 Quot.sound]
info: Erdos625/AxiomAudit.lean:1336:0: 'Erdos625.profileHighSkeletonWeight_le_fourEndpointFullReference_mul_deficitCharge' depends on axioms: [propext,
 Classical.choice,
 Quot.sound]
info: Erdos625/AxiomAudit.lean:1337:0: 'Erdos625.sum_fourEndpointAllHighChoiceWeight_le_threeQuarterProduct' depends on axioms: [propext,
 Classical.choice,
 Quot.sound]
info: Erdos625/AxiomAudit.lean:1338:0: 'Erdos625.profileHighSkeletonWeight_le_fourEndpointEncodedFullSupportCharge' depends on axioms: [propext,
 Classical.choice,
 Quot.sound]
info: Erdos625/AxiomAudit.lean:1339:0: 'Erdos625.sum_fourEndpointFullSupportReferenceWeight_mul_tableWeight_eq_sum_realized_W_mul_tableWeight' depends on axioms: [propext,
 Classical.choice,
 Quot.sound]
info: Erdos625/AxiomAudit.lean:1340:0: 'Erdos625.sum_profileHighSkeletonWeight_le_realizedTableThreeQuarterProduct' depends on axioms: [propext,
 Classical.choice,
 Quot.sound]
info: Erdos625/AxiomAudit.lean:1341:0: 'Erdos625.threeQuarterCellBase_le_fourEndpointThreeQuarterRho' depends on axioms: [propext,
 Classical.choice,
 Quot.sound]
info: Erdos625/AxiomAudit.lean:1342:0: 'Erdos625.sum_profileCanonicalHighSkeleton_le_canonicalThreeQuarterRhoSupportSum' depends on axioms: [propext,
 Classical.choice,
 Quot.sound]
info: Erdos625/AxiomAudit.lean:1343:0: 'Erdos625.eventually_five_fourths_log_sub_le_q_mul_endpointBudget' depends on axioms: [propext,
 Classical.choice,
 Quot.sound]
info: Erdos625/AxiomAudit.lean:1344:0: 'Erdos625.eventually_fourEndpointThreeQuarterRho_le_one' depends on axioms: [propext, Classical.choice, Quot.sound]
info: Erdos625/AxiomAudit.lean:1345:0: 'Erdos625.sum_profileHighSkeletonWeight_le_canonicalDeficitFactor_mul_sum_W' depends on axioms: [propext,
 Classical.choice,
 Quot.sound]
info: Erdos625/AxiomAudit.lean:1346:0: 'Erdos625.tangent_rounding_nat_conservation_and_uniform_displacement' depends on axioms: [propext,
 Classical.choice,
 Quot.sound]
info: Erdos625/AxiomAudit.lean:1347:0: 'Erdos625.midpointOptimizer_count_and_moment' depends on axioms: [propext, Classical.choice, Quot.sound]
info: Erdos625/AxiomAudit.lean:1348:0: 'Erdos625.midpointMultiplicity_cast_eq_correctedInt' depends on axioms: [propext, Classical.choice, Quot.sound]
info: Erdos625/AxiomAudit.lean:1349:0: 'Erdos625.midpointMultiplicity_count_deficit_intDisplacement' depends on axioms: [propext, Classical.choice, Quot.sound]
info: Erdos625/AxiomAudit.lean:1350:0: 'Erdos625.midpointMultiplicity_uniform_displacement' depends on axioms: [propext, Classical.choice, Quot.sound]
info: Erdos625/AxiomAudit.lean:1351:0: 'Erdos625.existsUnique_phaseSignedFourSizeRoot_of_center_and_deriv_lower' depends on axioms: [propext,
 Classical.choice,
 Quot.sound]
info: Erdos625/AxiomAudit.lean:1352:0: 'Erdos625.abs_unrestrictedPhaseObjective_deriv_sub_deficitMain_le' depends on axioms: [propext,
 Classical.choice,
 Quot.sound]
info: Erdos625/AxiomAudit.lean:1353:0: 'Erdos625.eventually_phaseRootCenter_deficitTarget_mem_open' depends on axioms: [propext, Classical.choice, Quot.sound]
info: Erdos625/AxiomAudit.lean:1354:0: 'Erdos625.eventually_factorialLogErrorBound_phaseNat_le_quadratic' depends on axioms: [propext,
 Classical.choice,
 Quot.sound]
info: Erdos625/AxiomAudit.lean:1355:0: 'Erdos625.eventually_abs_phaseRootSelectedDeficitTerm_le_quadratic' depends on axioms: [propext,
 Classical.choice,
 Quot.sound]
info: Erdos625/AxiomAudit.lean:1356:0: 'Erdos625.eventually_abs_log_phaseRootCenter_le_quadratic' depends on axioms: [propext, Classical.choice, Quot.sound]
info: Erdos625/AxiomAudit.lean:1357:0: 'Erdos625.phaseRootDerivativeSelectedTerm_eq' depends on axioms: [propext, Classical.choice, Quot.sound]
info: Erdos625/AxiomAudit.lean:1358:0: 'Erdos625.eventually_abs_phaseRootTilt_mul_phaseNat_le_quadratic' depends on axioms: [propext,
 Classical.choice,
 Quot.sound]
info: Erdos625/AxiomAudit.lean:1359:0: 'Erdos625.unrestrictedPhaseObjective_deriv_center_lower_corrected' depends on axioms: [propext,
 Classical.choice,
 Quot.sound]
info: Erdos625/AxiomAudit.lean:1360:0: 'Erdos625.eventually_abs_phaseRootLogPartition_le_quadratic' depends on axioms: [propext, Classical.choice, Quot.sound]
info: Erdos625/AxiomAudit.lean:1361:0: 'Erdos625.eventually_abs_phaseRootDerivativeSelectedTerm_le_quadratic' depends on axioms: [propext,
 Classical.choice,
 Quot.sound]
info: Erdos625/AxiomAudit.lean:1362:0: 'Erdos625.quadraticMain_sub_three_errors_ge_quarter' depends on axioms: [propext, Classical.choice, Quot.sound]
info: Erdos625/AxiomAudit.lean:1363:0: 'Erdos625.eventually_unrestrictedPhaseObjective_deriv_center_ge_quadratic' depends on axioms: [propext,
 Classical.choice,
 Quot.sound]
info: Erdos625/AxiomAudit.lean:1364:0: 'Erdos625.phaseRootCenter_div_phaseNat_sq_isTheta_gapScale' depends on axioms: [propext, Classical.choice, Quot.sound]
info: Erdos625/AxiomAudit.lean:1365:0: 'Erdos625.phaseRootGapRadius_isTheta_gapScale' depends on axioms: [propext, Classical.choice, Quot.sound]
info: Erdos625/AxiomAudit.lean:1366:0: 'Erdos625.eventually_phaseRootGapCorridor_fourSize_domain' depends on axioms: [propext, Classical.choice, Quot.sound]
info: Erdos625/AxiomAudit.lean:1367:0: 'Erdos625.eventually_phaseRootGapCorridor_fourSize_target_mem_Icc' depends on axioms: [propext,
 Classical.choice,
 Quot.sound]
info: Erdos625/AxiomAudit.lean:1368:0: 'Erdos625.exists_pos_eventually_phaseRootGapCorridor_fourSize_compact_control' depends on axioms: [propext,
 Classical.choice,
 Quot.sound]
info: Erdos625/AxiomAudit.lean:1369:0: 'Erdos625.signedFourSizeObjectiveDerivative_eq_affineCore_sub_tiltTerm' depends on axioms: [propext,
 Classical.choice,
 Quot.sound]
info: Erdos625/AxiomAudit.lean:1370:0: 'Erdos625.signedFourSizeObjectiveDerivative_quadratic_lower_envelope' depends on axioms: [propext,
 Classical.choice,
 Quot.sound]
info: Erdos625/AxiomAudit.lean:1371:0: 'Erdos625.fourGaussian_optimizedValue_ge_neg_twenty_five_q_div_two' depends on axioms: [propext,
 Classical.choice,
 Quot.sound]
info: Erdos625/AxiomAudit.lean:1372:0: 'Erdos625.eventually_fourSizeFiniteEntropy_ge_neg_twenty_five_q_div_two_sub_one' depends on axioms: [propext,
 Classical.choice,
 Quot.sound]
info: Erdos625/AxiomAudit.lean:1373:0: 'Erdos625.eventually_abs_phaseRootGapCorridor_fourSize_tilt_linear_le_quadratic' depends on axioms: [propext,
 Classical.choice,
 Quot.sound]
info: Erdos625/AxiomAudit.lean:1374:0: 'Erdos625.eventually_abs_phaseRootGapCorridor_log_le_quadratic' depends on axioms: [propext,
 Classical.choice,
 Quot.sound]
info: Erdos625/AxiomAudit.lean:1375:0: 'Erdos625.eventually_signedFourSizeObjectiveDerivative_gapCorridor_lower' depends on axioms: [propext,
 Classical.choice,
 Quot.sound]
info: Erdos625/AxiomAudit.lean:1376:0: 'Erdos625.tendsto_phaseRootScalarTerm_atTop' depends on axioms: [propext, Classical.choice, Quot.sound]
info: Erdos625/AxiomAudit.lean:1377:0: 'Erdos625.phaseSignedFourSizeObjective_referenceCenter_div_decomposition' depends on axioms: [propext,
 Classical.choice,
 Quot.sound]
info: Erdos625/AxiomAudit.lean:1378:0: 'Erdos625.tendsto_phaseSignedFourSizeObjective_referenceCenter_div_atTop' depends on axioms: [propext,
 Classical.choice,
 Quot.sound]
info: Erdos625/AxiomAudit.lean:1379:0: 'Erdos625.phaseSignedFourSizeObjective_referenceCenter_div_isBigO_logLogOrder' depends on axioms: [propext,
 Classical.choice,
 Quot.sound]
info: Erdos625/AxiomAudit.lean:1380:0: 'Erdos625.eventually_phaseRootLogLogCorridor_fourSize_domain' depends on axioms: [propext, Classical.choice, Quot.sound]
info: Erdos625/AxiomAudit.lean:1381:0: 'Erdos625.eventually_phaseRootLogLogCorridor_fourSize_target_mem_Icc' depends on axioms: [propext,
 Classical.choice,
 Quot.sound]
info: Erdos625/AxiomAudit.lean:1382:0: 'Erdos625.exists_pos_eventually_phaseRootLogLogCorridor_fourSize_compact_control' depends on axioms: [propext,
 Classical.choice,
 Quot.sound]
info: Erdos625/AxiomAudit.lean:1383:0: 'Erdos625.eventually_abs_phaseRootLogLogCorridor_fourSize_tilt_linear_le_quadratic' depends on axioms: [propext,
 Classical.choice,
 Quot.sound]
info: Erdos625/AxiomAudit.lean:1384:0: 'Erdos625.eventually_abs_phaseRootLogLogCorridor_log_le_quadratic' depends on axioms: [propext,
 Classical.choice,
 Quot.sound]
info: Erdos625/AxiomAudit.lean:1385:0: 'Erdos625.eventually_signedFourSizeObjectiveDerivative_logLogCorridor_lower' depends on axioms: [propext,
 Classical.choice,
 Quot.sound]
info: Erdos625/AxiomAudit.lean:1386:0: 'Erdos625.fourSizeFiniteEntropy_le_two_q' depends on axioms: [propext, Classical.choice, Quot.sound]
info: Erdos625/AxiomAudit.lean:1387:0: 'Erdos625.eventually_signedFourSizeObjectiveDerivative_logLogCorridor_upper' depends on axioms: [propext,
 Classical.choice,
 Quot.sound]
info: Erdos625/AxiomAudit.lean:1388:0: 'Erdos625.exists_pos_eventually_existsUnique_phaseSignedFourSizeRoot_logLogCorridor' depends on axioms: [propext,
 Classical.choice,
 Quot.sound]
info: Erdos625/AxiomAudit.lean:1389:0: 'Erdos625.eventually_unrestrictedPhaseObjective_deriv_logLogCorridor_lower' depends on axioms: [propext,
 Classical.choice,
 Quot.sound]
info: Erdos625/AxiomAudit.lean:1390:0: 'Erdos625.exists_pos_eventually_existsUnique_unrestrictedPhaseObjective_zero_logLogCorridor' depends on axioms: [propext,
 Classical.choice,
 Quot.sound]
info: Erdos625/AxiomAudit.lean:1391:0: 'Erdos625.finiteProfileDeficitEntropy_le_extendedGaussianEntropyValue' depends on axioms: [propext,
 Classical.choice,
 Quot.sound]
info: Erdos625/AxiomAudit.lean:1392:0: 'Erdos625.phaseRootScalarTerm_div_phaseNat_sq_isLittleO_gapScale' depends on axioms: [propext,
 Classical.choice,
 Quot.sound]
info: Erdos625/AxiomAudit.lean:1393:0: 'Erdos625.phaseRootScalarTerm_isTheta_logLogOrder' depends on axioms: [propext, Classical.choice, Quot.sound]
info: Erdos625/AxiomAudit.lean:1394:0: 'Erdos625.eventually_phaseRoot_unitCorridor_domain' depends on axioms: [propext, Classical.choice, Quot.sound]
info: Erdos625/AxiomAudit.lean:1395:0: 'Erdos625.eventually_unrestrictedPhaseObjective_deriv_unitCorridor_lower' depends on axioms: [propext,
 Classical.choice,
 Quot.sound]
info: Erdos625/AxiomAudit.lean:1396:0: 'Erdos625.eventually_uniform_finite_four_entropy_certificate' depends on axioms: [propext, Classical.choice, Quot.sound]
info: Erdos625/AxiomAudit.lean:1397:0: 'Erdos625.mu_le_mu_mul_vertex_ratio_pow' depends on axioms: [propext, Classical.choice, Quot.sound]
info: Erdos625/AxiomAudit.lean:1398:0: 'Erdos625.midpointFullCornerVertexRatio_logExponent_tendsto_neg_ten' depends on axioms: [propext,
 Classical.choice,
 Quot.sound]
info: Erdos625/AxiomAudit.lean:1399:0: 'Erdos625.log_mu_phaseNat_sub_fourDeficit_div_logOrder_sub_phaseDelta_add_tendsto_zero' depends on axioms: [propext,
 Classical.choice,
 Quot.sound]
info: Erdos625/AxiomAudit.lean:1400:0: 'Erdos625.eventually_sum_midpointPartialDiagonal_empty_mem_Icc' depends on axioms: [propext,
 Classical.choice,
 Quot.sound]
info: Erdos625/AxiomAudit.lean:1401:0: 'Erdos625.eventually_sum_midpointPartialDiagonal_fullCorner_mu_activity_le' depends on axioms: [propext,
 Classical.choice,
 Quot.sound]
info: Erdos625/AxiomAudit.lean:1402:0: 'Erdos625.eventually_sum_midpointPartialDiagonalWeight_fullCorner_filter_mul_complete_le_exp' depends on axioms: [propext,
 Classical.choice,
 Quot.sound]
info: Erdos625/AxiomAudit.lean:1403:0: 'Erdos625.abs_mul_midpointRoundedFourSizeEntropyLoss_le' depends on axioms: [propext, Classical.choice, Quot.sound]
info: Erdos625/AxiomAudit.lean:1404:0: 'Erdos625.signedProfileExpectation_toReal_eq_partialSignedFirstMoment_fourDeficit' depends on axioms: [propext,
 Classical.choice,
 Quot.sound]
info: Erdos625/AxiomAudit.lean:1405:0: 'Erdos625.abs_log_partialSignedFirstMoment_fourDeficit_sub_discreteObjective_le' depends on axioms: [propext,
 Classical.choice,
 Quot.sound]
info: Erdos625/AxiomAudit.lean:1406:0: 'Erdos625.abs_log_midpointPartialSignedFirstMoment_sub_signedFourSizeObjective_le' depends on axioms: [propext,
 Classical.choice,
 Quot.sound]
info: Erdos625/AxiomAudit.lean:1407:0: 'Erdos625.tendsto_midpointPartialSignedFirstMomentLogError_div_parts_zero' depends on axioms: [propext,
 Classical.choice,
 Quot.sound]
info: Erdos625/AxiomAudit.lean:1408:0: 'Erdos625.phaseSignedFourSizeObjective_div_sub_unrestrictedPhaseObjective_div_eq_finiteMargin' depends on axioms: [propext,
 Classical.choice,
 Quot.sound]
info: Erdos625/AxiomAudit.lean:1409:0: 'Erdos625.phaseSignedFourSizeObjective_eq_parts_mul_finiteMargin_of_unrestrictedRoot' depends on axioms: [propext,
 Classical.choice,
 Quot.sound]
info: Erdos625/AxiomAudit.lean:1410:0: 'Erdos625.eventually_uniform_phaseRootLogLogCorridor_fourSizeTarget_tendsto_center' depends on axioms: [propext,
 Classical.choice,
 Quot.sound]
info: Erdos625/AxiomAudit.lean:1411:0: 'Erdos625.eventually_finiteSignedFourMargin_gt_log_200_div_153_on_logLogCorridor' depends on axioms: [propext,
 Classical.choice,
 Quot.sound]
info: Erdos625/AxiomAudit.lean:1412:0: 'Erdos625.eventually_phaseRootLogLogCorridor_part_div_phaseNat_sq_lower' depends on axioms: [propext,
 Classical.choice,
 Quot.sound]
info: Erdos625/AxiomAudit.lean:1413:0: 'Erdos625.eventually_selected_phase_roots_separated' depends on axioms: [propext, Classical.choice, Quot.sound]
info: Erdos625/AxiomAudit.lean:1414:0: 'Erdos625.phaseChromaticLowerIndex' depends on axioms: [propext, Classical.choice, Quot.sound]
info: Erdos625/AxiomAudit.lean:1415:0: 'Erdos625.phaseCochromaticFixedOffsetIndex' depends on axioms: [propext, Classical.choice, Quot.sound]
info: Erdos625/AxiomAudit.lean:1416:0: 'Erdos625.exists_phaseRootGapCoefficient_gt_uniformQuarter' depends on axioms: [propext, Classical.choice, Quot.sound]
info: Erdos625/AxiomAudit.lean:1417:0: 'Erdos625.exists_eventually_concrete_phase_fixedOffset_root_gap' depends on axioms: [propext,
 Classical.choice,
 Quot.sound]
info: Erdos625/AxiomAudit.lean:1418:0: 'Erdos625.eventually_phaseChromaticLowerIndex_pos_and_le' depends on axioms: [propext, Classical.choice, Quot.sound]
info: Erdos625/AxiomAudit.lean:1419:0: 'Erdos625.eventually_profilePhaseObjective_phaseChromaticLowerIndex_le_neg_cubic' depends on axioms: [propext,
 Classical.choice,
 Quot.sound]
info: Erdos625/AxiomAudit.lean:1420:0: 'Erdos625.randomGraphMeasure_chromaticNumberAtMost_phaseChromaticLowerIndex_tendsto_zero' depends on axioms: [propext,
 Classical.choice,
 Quot.sound]
info: Erdos625/AxiomAudit.lean:1421:0: 'Erdos625.fixedOffset_rounding_budget_spec' depends on axioms: [propext, Classical.choice, Quot.sound]
info: Erdos625/AxiomAudit.lean:1422:0: 'Erdos625.eventually_phaseCochromaticFixedOffsetIndex_target_control' depends on axioms: [propext,
 Classical.choice,
 Quot.sound]
info: Erdos625/AxiomAudit.lean:1423:0: 'Erdos625.eventually_phaseCochromaticFixedOffsetIndex_rounding_admissible' depends on axioms: [propext,
 Classical.choice,
 Quot.sound]
info: Erdos625/AxiomAudit.lean:1424:0: 'Erdos625.phase_fixedOffset_completeSignedFirstMoment_tendsto_atTop' depends on axioms: [propext,
 Classical.choice,
 Quot.sound]
info: Erdos625/AxiomAudit.lean:1425:0: 'Erdos625.tendsto_sum_fixedOffsetPartialDiagonalWeight' depends on axioms: [propext, Classical.choice, Quot.sound]
info: Erdos625/AxiomAudit.lean:1426:0: 'Erdos625.exists_phaseFixedOffsetCanonicalBareSkeleton_error' depends on axioms: [propext, Classical.choice, Quot.sound]
info: Erdos625/AxiomAudit.lean:1427:0: 'Erdos625.exists_phaseCochromaticFixedOffset_real_seed' depends on axioms: [propext, Classical.choice, Quot.sound]
info: Erdos625/AxiomAudit.lean:1428:0: 'Erdos625.erdos625' depends on axioms: [propext, Classical.choice, Quot.sound]
✔ [9037/9038] Built Erdos625 (11s)
Build completed successfully (9038 jobs).
